,residue,split,target
0,2nok.C.48,train,True
1,2nok.C.47,train,True
2,2nok.C.49,train,True
3,2nok.C.50,train,True
4,2nok.C.51,train,True
5,2nok.C.52,train,True
6,2nok.C.53,train,True
7,2nok.C.54,train,True
8,2nok.C.55,train,True
9,2nok.C.56,train,True
10,2nok.C.57,train,True
11,2nok.C.58,train,True
12,2nok.C.59,train,False
13,2nok.C.60,train,True
14,2nok.C.61,train,False
15,2nok.C.62,train,True
16,2nok.C.63,train,False
17,2nok.C.64,train,False
18,2nok.C.65,train,False
19,2nok.C.66,train,False
20,2nok.C.67,train,False
21,2nok.C.68,train,False
22,2nok.C.69,train,False
23,2nok.C.70,train,False
24,4pqv.A.2,test,False
25,4pqv.A.1,test,False
26,4pqv.A.3,test,False
27,4pqv.A.4,test,True
28,4pqv.A.5,test,True
29,4pqv.A.6,test,True
30,4pqv.A.7,test,True
31,4pqv.A.8,test,True
32,4pqv.A.9,test,True
33,4pqv.A.10,test,True
34,4pqv.A.11,test,True
35,4pqv.A.12,test,True
36,4pqv.A.13,test,True
37,4pqv.A.14,test,True
38,4pqv.A.15,test,True
39,4pqv.A.16,test,True
40,4pqv.A.17,test,True
41,4pqv.A.18,test,False
42,4pqv.A.19,test,True
43,4pqv.A.20,test,True
44,4pqv.A.21,test,True
45,4pqv.A.22,test,True
46,4pqv.A.23,test,True
47,4pqv.A.24,test,False
48,4pqv.A.25,test,True
49,4pqv.A.26,test,True
50,4pqv.A.27,test,True
51,4pqv.A.28,test,False
52,4pqv.A.29,test,False
53,4pqv.A.30,test,False
54,4pqv.A.31,test,False
55,4pqv.A.32,test,False
56,4pqv.A.33,test,False
57,4pqv.A.34,test,True
58,4pqv.A.35,test,True
59,4pqv.A.36,test,True
60,4pqv.A.37,test,True
61,4pqv.A.38,test,False
62,4pqv.A.39,test,False
63,4pqv.A.40,test,False
64,4pqv.A.41,test,False
65,4pqv.A.42,test,True
66,4pqv.A.43,test,False
67,4pqv.A.44,test,False
68,4pqv.A.45,test,False
69,4pqv.A.46,test,False
70,4pqv.A.47,test,False
71,4pqv.A.48,test,True
72,4pqv.A.49,test,False
73,4pqv.A.50,test,True
74,4pqv.A.51,test,True
75,4pqv.A.52,test,True
76,4pqv.A.53,test,True
77,4pqv.A.54,test,True
78,4pqv.A.55,test,False
79,4pqv.A.56,test,True
80,4pqv.A.57,test,True
81,4pqv.A.58,test,True
82,4pqv.A.59,test,False
83,4pqv.A.60,test,True
84,4pqv.A.61,test,True
85,4pqv.A.62,test,False
86,4pqv.A.63,test,False
87,4pqv.A.64,test,False
88,4pqv.A.65,test,False
89,4pqv.A.66,test,True
90,4pqv.A.67,test,True
91,4pqv.A.68,test,False
92,4mgm.B.2,train,True
93,4mgm.B.1,train,True
94,4mgm.B.3,train,True
95,4mgm.B.4,train,True
96,4mgm.B.5,train,True
97,4mgm.B.6,train,False
98,4mgm.B.7,train,True
99,4mgm.B.8,train,True
100,4mgm.B.9,train,True
101,4mgm.B.10,train,True
102,4mgm.B.11,train,True
103,4mgm.B.12,train,True
104,4mgm.B.13,train,True
105,4mgm.B.14,train,False
106,4mgm.B.15,train,True
107,4mgm.B.16,train,True
108,4mgm.B.17,train,True
109,4mgm.B.18,train,True
110,4mgm.B.19,train,True
111,4mgm.B.20,train,True
112,4mgm.B.21,train,False
113,4mgm.B.22,train,False
114,4mgm.B.23,train,False
115,4mgm.B.24,train,False
116,4mgm.B.25,train,False
117,4mgm.B.26,train,False
118,4mgm.B.27,train,False
119,4mgm.B.28,train,False
120,4mgm.B.29,train,False
121,4mgm.B.30,train,False
122,4mgm.B.39,train,False
123,4mgm.B.38,train,False
124,4mgm.B.40,train,False
125,4mgm.B.41,train,False
126,4mgm.B.42,train,False
127,4mgm.B.46,train,True
128,4mgm.B.45,train,True
129,4mgm.B.47,train,True
130,4mgm.B.48,train,False
131,4mgm.B.49,train,False
132,4mgm.B.50,train,False
133,4mgm.B.51,train,True
134,4mgm.B.52,train,True
135,4mgm.B.53,train,True
136,4mgm.B.54,train,True
137,4mgm.B.55,train,True
138,4mgm.B.56,train,True
139,4mgm.B.57,train,True
140,4mgm.B.58,train,True
141,4mgm.B.59,train,True
142,4mgm.B.60,train,False
143,4mgm.B.61,train,True
144,4mgm.B.62,train,False
145,4mgm.B.63,train,False
146,4mgm.B.64,train,False
147,4mgm.B.65,train,False
148,4mgm.B.66,train,False
149,4mgm.B.67,train,True
150,4mgm.B.68,train,True
151,4mgm.B.69,train,True
152,4mgm.B.70,train,True
153,4mgm.B.71,train,True
154,4mgm.B.72,train,True
155,4qlm.A.4,train,False
156,4qlm.A.3,train,False
157,4qlm.A.5,train,False
158,4qlm.A.6,train,True
159,4qlm.A.7,train,True
160,4qlm.A.8,train,True
161,4qlm.A.9,train,True
162,4qlm.A.10,train,True
163,4qlm.A.11,train,False
164,4qlm.A.12,train,False
165,4qlm.A.23,train,False
166,4qlm.A.22,train,False
167,4qlm.A.24,train,True
168,4qlm.A.25,train,True
169,4qlm.A.26,train,True
170,4qlm.A.27,train,True
171,4qlm.A.28,train,True
172,4qlm.A.29,train,True
173,4qlm.A.30,train,False
174,4qlm.A.31,train,False
175,4qlm.A.32,train,False
176,4qlm.A.33,train,False
177,4qlm.A.34,train,False
178,4qlm.A.40,train,True
179,4qlm.A.39,train,False
180,4qlm.A.41,train,True
181,4qlm.A.42,train,True
182,4qlm.A.43,train,True
183,4qlm.A.44,train,True
184,4qlm.A.45,train,True
185,4qlm.A.46,train,False
186,4qlm.A.47,train,False
187,4qlm.A.48,train,False
188,4qlm.A.49,train,False
189,4qlm.A.50,train,False
190,4qlm.A.51,train,False
191,4qlm.A.52,train,False
192,4qlm.A.53,train,False
193,4qlm.A.54,train,False
194,4qlm.A.55,train,False
195,4qlm.A.56,train,False
196,4qlm.A.57,train,False
197,4qlm.A.58,train,False
198,4qlm.A.59,train,False
199,4qlm.A.60,train,False
200,4qlm.A.61,train,False
201,4qlm.A.62,train,False
202,4qlm.A.63,train,False
203,4qlm.A.64,train,False
204,4qlm.A.65,train,False
205,4qlm.A.66,train,False
206,4qlm.A.67,train,False
207,4qlm.A.68,train,True
208,4qlm.A.69,train,True
209,4qlm.A.70,train,True
210,4qlm.A.71,train,True
211,4qlm.A.72,train,True
212,4qlm.A.73,train,True
213,4qlm.A.74,train,True
214,4qlm.A.75,train,True
215,4qlm.A.76,train,False
216,4qlm.A.77,train,False
217,4qlm.A.78,train,False
218,4qlm.A.79,train,False
219,4qlm.A.80,train,False
220,4qlm.A.81,train,False
221,4qlm.A.82,train,False
222,4qlm.A.83,train,True
223,4qlm.A.84,train,True
224,4qlm.A.85,train,True
225,4qlm.A.86,train,False
226,4qlm.A.87,train,False
227,4qlm.A.88,train,False
228,4qlm.A.89,train,True
229,4qlm.A.90,train,True
230,4qlm.A.91,train,True
231,4qlm.A.92,train,False
232,4qlm.A.93,train,False
233,4qlm.A.94,train,False
234,4qlm.A.95,train,True
235,4qlm.A.96,train,True
236,4qlm.A.97,train,True
237,4qlm.A.98,train,True
238,4qlm.A.99,train,False
239,4qlm.A.100,train,False
240,4qlm.A.101,train,False
241,4qlm.A.102,train,False
242,4qlm.A.103,train,True
243,4qlm.A.104,train,True
244,4qlm.A.105,train,True
245,4qlm.A.106,train,False
246,4qlm.A.107,train,False
247,4qlm.A.108,train,False
248,4qlm.A.109,train,True
249,4qlm.A.110,train,True
250,4qlm.A.111,train,True
251,4qlm.A.112,train,True
252,4qlm.A.113,train,False
253,4qlm.A.114,train,False
254,4qlm.A.115,train,False
255,4qlm.A.116,train,False
256,4qlm.A.117,train,False
257,4qlm.A.118,train,False
258,4qlm.A.119,train,False
259,4qlm.A.120,train,False
260,4qlm.A.121,train,False
261,4qlm.A.122,train,False
262,4qlm.A.123,train,False
263,5o69.A.2,train,False
264,5o69.A.1,train,False
265,5o69.A.3,train,False
266,5o69.A.4,train,False
267,5o69.A.5,train,False
268,5o69.A.6,train,True
269,5o69.A.7,train,True
270,5o69.A.8,train,True
271,5o69.A.9,train,True
272,5o69.A.10,train,True
273,5o69.A.11,train,False
274,5o69.A.12,train,False
275,5o69.A.13,train,False
276,5o69.A.14,train,True
277,5o69.A.15,train,True
278,5o69.A.16,train,True
279,5o69.A.17,train,True
280,5o69.A.18,train,True
281,5o69.A.19,train,True
282,5o69.A.20,train,False
283,5o69.A.21,train,False
284,5o69.A.22,train,False
285,5o69.A.23,train,False
286,5o69.A.24,train,False
287,5o69.A.25,train,False
288,5o69.A.26,train,False
289,5o69.A.27,train,False
290,5o69.A.28,train,False
291,5o69.A.29,train,True
292,5o69.A.30,train,True
293,5o69.A.31,train,True
294,5o69.A.32,train,True
295,5o69.A.33,train,True
296,5o69.A.34,train,True
297,5o69.A.35,train,True
298,5o69.A.36,train,True
299,5o69.A.37,train,True
300,5o69.A.38,train,True
301,5o69.A.39,train,False
302,5o69.A.40,train,False
303,5o69.A.41,train,False
304,6ez0.A.2,test,False
305,6ez0.A.1,test,False
306,6ez0.A.3,test,False
307,6ez0.A.4,test,False
308,6ez0.A.5,test,False
309,6ez0.A.6,test,False
310,6ez0.A.7,test,False
311,6ez0.A.8,test,False
312,6ez0.A.9,test,False
313,6ez0.A.10,test,False
314,6ez0.A.11,test,False
315,6ez0.A.12,test,False
316,6ez0.A.13,test,False
317,6ez0.A.14,test,False
318,6ez0.A.15,test,False
319,6ez0.A.16,test,False
320,6ez0.A.17,test,False
321,6ez0.A.18,test,False
322,6ez0.A.19,test,False
323,6ez0.A.20,test,False
324,6ez0.A.21,test,False
325,6ez0.A.22,test,False
326,6ez0.A.23,test,False
327,6ez0.A.24,test,False
328,6ez0.A.25,test,False
329,6ez0.A.26,test,False
330,6ez0.A.27,test,False
331,1nbk.A.2,val,False
332,1nbk.A.1,val,False
333,1nbk.A.3,val,False
334,1nbk.A.4,val,False
335,1nbk.A.5,val,True
336,1nbk.A.6,val,True
337,1nbk.A.7,val,True
338,1nbk.A.8,val,True
339,1nbk.A.9,val,True
340,1nbk.A.10,val,True
341,1nbk.A.11,val,True
342,1nbk.A.12,val,True
343,1nbk.A.13,val,True
344,1nbk.A.14,val,True
345,1nbk.A.15,val,False
346,1nbk.A.16,val,False
347,1nbk.A.17,val,False
348,1nbk.A.18,val,False
349,1nbk.A.19,val,False
350,1nbk.A.20,val,False
351,1nbk.A.21,val,True
352,1nbk.A.22,val,True
353,1nbk.A.23,val,True
354,1nbk.A.24,val,True
355,1nbk.A.25,val,True
356,1nbk.A.26,val,True
357,1nbk.A.27,val,True
358,1nbk.A.28,val,True
359,1nbk.A.29,val,True
360,1nbk.A.30,val,True
361,1nbk.A.31,val,False
362,1nbk.A.32,val,False
363,1nbk.A.33,val,False
364,1nbk.A.34,val,False
365,364d.C.91,test,False
366,364d.C.90,test,False
367,364d.C.92,test,False
368,364d.C.93,test,False
369,364d.C.94,test,True
370,364d.C.95,test,True
371,364d.C.96,test,True
372,364d.C.97,test,True
373,364d.C.98,test,True
374,364d.C.99,test,True
375,364d.C.100,test,True
376,364d.C.101,test,True
377,364d.C.102,test,True
378,364d.C.103,test,True
379,364d.C.104,test,True
380,364d.C.105,test,True
381,364d.C.106,test,True
382,364d.C.107,test,True
383,364d.C.108,test,True
384,364d.C.109,test,True
385,364d.C.110,test,True
386,364d.C.111,test,True
387,364d.C.112,test,True
388,364d.C.113,test,True
389,364d.C.114,test,False
390,364d.C.115,test,False
391,364d.C.116,test,False
392,364d.C.117,test,False
393,364d.C.118,test,False
394,364d.C.119,test,False
395,364d.C.120,test,False
396,5vci.A.2,train,False
397,5vci.A.1,train,False
398,5vci.A.3,train,False
399,5vci.A.4,train,False
400,5vci.A.5,train,False
401,5vci.A.6,train,False
402,5vci.A.7,train,False
403,5vci.A.8,train,False
404,5vci.A.9,train,False
405,5vci.A.10,train,False
406,5vci.A.11,train,False
407,5vci.A.12,train,False
408,5vci.A.13,train,False
409,5vci.A.14,train,False
410,5vci.A.15,train,False
411,5vci.A.16,train,False
412,5vci.A.17,train,False
413,5vci.A.18,train,False
414,5vci.A.19,train,False
415,5vci.A.20,train,False
416,5vci.A.21,train,False
417,5vci.A.22,train,False
418,2yie.Z.59,train,False
419,2yie.Z.58,train,True
420,2yie.Z.60,train,False
421,2yie.Z.61,train,True
422,2yie.Z.62,train,True
423,2yie.Z.63,train,True
424,2yie.Z.64,train,False
425,2yie.Z.65,train,False
426,2yie.Z.66,train,True
427,2yie.Z.67,train,True
428,2yie.Z.68,train,True
429,2yie.Z.69,train,True
430,2yie.Z.70,train,False
431,2yie.Z.71,train,False
432,2yie.Z.72,train,False
433,2yie.Z.73,train,True
434,2yie.Z.74,train,True
435,2yie.Z.75,train,True
436,2yie.Z.76,train,True
437,2yie.Z.77,train,False
438,2yie.Z.78,train,False
439,2yie.Z.79,train,False
440,2yie.Z.80,train,False
441,2yie.Z.81,train,False
442,2yie.Z.82,train,True
443,2yie.Z.83,train,True
444,2yie.Z.84,train,True
445,2yie.Z.85,train,True
446,2yie.Z.86,train,True
447,2yie.Z.87,train,True
448,2yie.Z.88,train,True
449,2yie.Z.89,train,True
450,2yie.Z.90,train,True
451,2yie.Z.91,train,True
452,2yie.Z.92,train,True
453,2yie.Z.93,train,True
454,2yie.Z.94,train,True
455,2yie.Z.95,train,True
456,2yie.Z.96,train,True
457,2yie.Z.97,train,True
458,2yie.Z.98,train,True
459,2yie.Z.99,train,True
460,2yie.Z.100,train,False
461,2yie.Z.101,train,True
462,2yie.Z.102,train,False
463,2yie.Z.103,train,False
464,2yie.Z.104,train,False
465,2yie.Z.105,train,False
466,2yie.Z.106,train,False
467,2yie.Z.107,train,False
468,2yie.Z.108,train,False
469,2yie.Z.109,train,False
470,2yie.Z.110,train,False
471,2yie.Z.111,train,True
472,2yie.Z.112,train,True
473,2yie.Z.113,train,True
474,1y90.B.2,train,False
475,1y90.B.1,train,True
476,1y90.B.3,train,True
477,1y90.B.4,train,True
478,1y90.B.5,train,True
479,1y90.B.6,train,True
480,1y90.B.7,train,True
481,1y90.B.8,train,True
482,1y90.B.9,train,True
483,1y90.B.10,train,True
484,1y90.B.11,train,True
485,1y90.B.12,train,True
486,1y90.B.13,train,True
487,1y90.B.14,train,True
488,1y90.B.15,train,True
489,1y90.B.16,train,True
490,1y90.B.17,train,True
491,1y90.B.18,train,True
492,1y90.B.19,train,True
493,1y90.B.20,train,True
494,1y90.B.21,train,True
495,1y90.B.22,train,True
496,1y90.B.23,train,True
497,4f8u.B.27,test,True
498,4f8u.B.26,test,True
499,4f8u.B.28,test,True
500,4f8u.B.29,test,True
501,4f8u.B.30,test,True
502,4f8u.B.31,test,True
503,4f8u.B.32,test,True
504,4f8u.B.33,test,False
505,4f8u.B.34,test,False
506,4f8u.B.35,test,False
507,4f8u.B.36,test,False
508,4f8u.B.37,test,False
509,4f8u.B.38,test,False
510,4f8u.B.39,test,True
511,4f8u.B.40,test,True
512,4f8u.B.41,test,True
513,4f8u.B.42,test,True
514,4f8u.B.43,test,True
515,4f8u.B.44,test,True
516,4f8u.B.45,test,True
517,4f8u.B.46,test,False
518,5j02.A.2,train,True
519,5j02.A.1,train,False
520,5j02.A.3,train,True
521,5j02.A.4,train,True
522,5j02.A.5,train,True
523,5j02.A.6,train,False
524,5j02.A.7,train,True
525,5j02.A.8,train,False
526,5j02.A.9,train,True
527,5j02.A.10,train,True
528,5j02.A.11,train,True
529,5j02.A.12,train,True
530,5j02.A.13,train,True
531,5j02.A.14,train,True
532,5j02.A.15,train,False
533,5j02.A.16,train,False
534,5j02.A.17,train,False
535,5j02.A.18,train,False
536,5j02.A.19,train,True
537,5j02.A.20,train,True
538,5j02.A.21,train,True
539,5j02.A.22,train,True
540,5j02.A.23,train,False
541,5j02.A.24,train,False
542,5j02.A.25,train,True
543,5j02.A.26,train,True
544,5j02.A.27,train,True
545,5j02.A.28,train,True
546,5j02.A.29,train,True
547,5j02.A.30,train,True
548,5j02.A.31,train,True
549,5j02.A.32,train,True
550,5j02.A.33,train,True
551,5j02.A.34,train,True
552,5j02.A.35,train,True
553,5j02.A.36,train,False
554,5j02.A.37,train,False
555,5j02.A.38,train,False
556,5j02.A.39,train,True
557,5j02.A.40,train,True
558,5j02.A.41,train,True
559,5j02.A.42,train,False
560,5j02.A.43,train,False
561,5j02.A.44,train,False
562,5j02.A.45,train,True
563,5j02.A.46,train,True
564,5j02.A.47,train,True
565,5j02.A.48,train,True
566,5j02.A.49,train,False
567,5j02.A.50,train,False
568,5j02.A.51,train,False
569,5j02.A.52,train,True
570,5j02.A.53,train,False
571,5j02.A.54,train,False
572,5j02.A.55,train,False
573,5j02.A.56,train,False
574,5j02.A.57,train,False
575,5j02.A.58,train,True
576,5j02.A.59,train,True
577,5j02.A.60,train,True
578,5j02.A.61,train,True
579,5j02.A.62,train,True
580,5j02.A.63,train,False
581,5j02.A.64,train,True
582,5j02.A.65,train,True
583,5j02.A.66,train,True
584,5j02.A.67,train,True
585,5j02.A.68,train,True
586,5j02.A.69,train,True
587,5j02.A.70,train,True
588,5j02.A.71,train,True
589,5j02.A.72,train,False
590,5j02.A.73,train,False
591,5j02.A.74,train,True
592,5j02.A.75,train,True
593,5j02.A.76,train,False
594,5j02.A.77,train,True
595,5j02.A.78,train,True
596,5j02.A.79,train,True
597,5j02.A.80,train,False
598,5j02.A.81,train,False
599,5j02.A.82,train,False
600,5j02.A.85,train,True
601,5j02.A.84,train,True
602,5j02.A.86,train,False
603,5j02.A.87,train,False
604,5j02.A.88,train,True
605,5j02.A.89,train,True
606,5j02.A.90,train,True
607,5j02.A.91,train,True
608,5j02.A.92,train,True
609,5j02.A.93,train,False
610,5j02.A.94,train,False
611,5j02.A.95,train,False
612,5j02.A.96,train,True
613,5j02.A.97,train,True
614,5j02.A.98,train,True
615,5j02.A.99,train,True
616,5j02.A.100,train,False
617,5j02.A.101,train,False
618,5j02.A.102,train,False
619,5j02.A.103,train,False
620,5j02.A.104,train,True
621,5j02.A.105,train,True
622,5j02.A.106,train,True
623,5j02.A.107,train,True
624,5j02.A.108,train,True
625,5j02.A.109,train,True
626,5j02.A.110,train,True
627,5j02.A.111,train,True
628,5j02.A.112,train,True
629,5j02.A.113,train,True
630,5j02.A.114,train,True
631,5j02.A.115,train,True
632,5j02.A.116,train,True
633,5j02.A.117,train,True
634,5j02.A.118,train,True
635,5j02.A.119,train,True
636,5j02.A.120,train,True
637,5j02.A.121,train,False
638,5j02.A.122,train,False
639,5j02.A.123,train,False
640,5j02.A.124,train,False
641,5j02.A.125,train,False
642,5j02.A.126,train,False
643,5j02.A.127,train,False
644,5j02.A.128,train,False
645,5j02.A.129,train,False
646,5j02.A.130,train,True
647,5j02.A.131,train,True
648,5j02.A.132,train,True
649,5j02.A.133,train,True
650,5j02.A.134,train,True
651,5j02.A.135,train,True
652,5j02.A.136,train,True
653,5j02.A.137,train,True
654,5j02.A.138,train,True
655,5j02.A.139,train,False
656,5j02.A.140,train,True
657,5j02.A.141,train,True
658,5j02.A.142,train,True
659,5j02.A.143,train,False
660,5j02.A.144,train,True
661,5j02.A.145,train,True
662,5j02.A.146,train,True
663,5j02.A.147,train,False
664,5j02.A.148,train,False
665,5j02.A.149,train,False
666,5j02.A.150,train,False
667,5j02.A.151,train,True
668,5j02.A.152,train,False
669,5j02.A.153,train,True
670,5j02.A.154,train,True
671,5j02.A.155,train,True
672,5j02.A.156,train,True
673,5j02.A.157,train,True
674,5j02.A.158,train,False
675,5j02.A.159,train,False
676,5j02.A.160,train,False
677,5j02.A.161,train,False
678,5j02.A.162,train,False
679,5j02.A.163,train,False
680,5j02.A.164,train,False
681,5j02.A.165,train,True
682,5j02.A.166,train,True
683,5j02.A.167,train,True
684,5j02.A.168,train,True
685,5j02.A.169,train,True
686,5j02.A.170,train,True
687,5j02.A.171,train,True
688,5j02.A.172,train,True
689,5j02.A.173,train,True
690,5j02.A.174,train,True
691,5j02.A.175,train,True
692,5j02.A.176,train,True
693,5j02.A.177,train,True
694,5j02.A.178,train,True
695,5j02.A.179,train,False
696,5j02.A.180,train,True
697,5j02.A.181,train,True
698,5j02.A.182,train,True
699,5j02.A.183,train,True
700,5j02.A.184,train,True
701,5j02.A.185,train,True
702,5j02.A.186,train,True
703,5j02.A.187,train,True
704,5j02.A.188,train,True
705,5j02.A.189,train,False
706,5j02.A.190,train,True
707,5j02.A.191,train,True
708,5j02.A.192,train,True
709,5j02.A.193,train,True
710,5j02.A.194,train,True
711,5j02.A.195,train,True
712,5j02.A.196,train,False
713,5j02.A.197,train,False
714,5j02.A.198,train,False
715,5j02.A.199,train,False
716,5j02.A.200,train,False
717,5j02.A.201,train,False
718,5j02.A.202,train,False
719,5j02.A.203,train,False
720,5j02.A.204,train,False
721,5j02.A.205,train,False
722,5j02.A.206,train,False
723,5j02.A.207,train,False
724,5j02.A.208,train,False
725,5j02.A.209,train,True
726,5j02.A.210,train,False
727,5j02.A.211,train,False
728,5j02.A.212,train,False
729,5j02.A.213,train,False
730,5j02.A.214,train,False
731,5j02.A.215,train,False
732,5j02.A.216,train,False
733,5j02.A.217,train,False
734,5j02.A.218,train,False
735,5j02.A.219,train,False
736,5j02.A.220,train,True
737,5j02.A.221,train,True
738,5j02.A.222,train,True
739,5j02.A.223,train,True
740,5j02.A.224,train,True
741,5j02.A.225,train,True
742,5j02.A.226,train,True
743,5j02.A.227,train,False
744,5j02.A.228,train,True
745,5j02.A.229,train,True
746,5j02.A.230,train,True
747,5j02.A.231,train,True
748,5j02.A.232,train,True
749,5j02.A.233,train,True
750,5j02.A.234,train,False
751,5j02.A.235,train,False
752,5j02.A.236,train,True
753,5j02.A.237,train,False
754,5j02.A.238,train,True
755,5j02.A.239,train,True
756,5j02.A.240,train,True
757,5j02.A.241,train,False
758,5j02.A.242,train,False
759,5j02.A.243,train,True
760,5j02.A.244,train,True
761,5j02.A.245,train,True
762,5j02.A.246,train,True
763,5j02.A.247,train,False
764,5j02.A.248,train,True
765,5j02.A.249,train,True
766,5j02.A.250,train,True
767,5j02.A.251,train,True
768,5j02.A.252,train,False
769,5j02.A.253,train,False
770,5j02.A.254,train,False
771,5j02.A.255,train,False
772,5j02.A.256,train,False
773,5j02.A.257,train,True
774,5j02.A.258,train,True
775,5j02.A.259,train,False
776,5j02.A.260,train,False
777,5j02.A.261,train,True
778,5j02.A.262,train,True
779,5j02.A.263,train,True
780,5j02.A.264,train,True
781,5j02.A.265,train,True
782,5j02.A.266,train,True
783,5j02.A.267,train,False
784,5j02.A.268,train,False
785,5j02.A.269,train,False
786,5j02.A.270,train,False
787,5j02.A.271,train,False
788,5j02.A.272,train,False
789,5j02.A.273,train,True
790,5j02.A.274,train,True
791,5j02.A.275,train,True
792,5j02.A.276,train,True
793,5j02.A.277,train,True
794,5j02.A.278,train,False
795,5j02.A.279,train,True
796,5j02.A.280,train,False
797,5j02.A.281,train,False
798,5j02.A.282,train,True
799,5j02.A.283,train,True
800,5j02.A.284,train,True
801,5j02.A.285,train,True
802,5j02.A.286,train,True
803,5j02.A.287,train,True
804,5j02.A.288,train,False
805,5j02.A.289,train,True
806,5j02.A.290,train,True
807,5j02.A.291,train,True
808,5j02.A.292,train,False
809,5j02.A.293,train,False
810,5j02.A.294,train,False
811,5j02.A.295,train,False
812,5j02.A.296,train,False
813,5j02.A.297,train,False
814,5j02.A.298,train,False
815,5j02.A.299,train,False
816,5j02.A.300,train,False
817,5j02.A.301,train,False
818,5j02.A.302,train,False
819,5j02.A.303,train,True
820,5j02.A.304,train,True
821,5j02.A.305,train,False
822,5j02.A.306,train,False
823,5j02.A.307,train,False
824,5j02.A.308,train,False
825,5j02.A.309,train,False
826,5j02.A.310,train,False
827,5j02.A.311,train,False
828,5j02.A.312,train,False
829,5j02.A.313,train,True
830,5j02.A.314,train,True
831,5j02.A.315,train,True
832,5j02.A.316,train,True
833,5j02.A.317,train,False
834,5j02.A.318,train,False
835,5j02.A.319,train,False
836,5j02.A.320,train,False
837,5j02.A.321,train,False
838,5j02.A.322,train,False
839,5j02.A.323,train,True
840,5j02.A.324,train,True
841,5j02.A.325,train,True
842,5j02.A.326,train,True
843,5j02.A.327,train,True
844,5j02.A.328,train,True
845,5j02.A.329,train,False
846,5j02.A.330,train,False
847,5j02.A.331,train,False
848,5j02.A.332,train,False
849,5j02.A.333,train,True
850,5j02.A.334,train,True
851,5j02.A.335,train,True
852,5j02.A.336,train,True
853,5j02.A.337,train,False
854,5j02.A.338,train,False
855,5j02.A.339,train,False
856,5j02.A.340,train,False
857,5j02.A.341,train,False
858,5j02.A.342,train,False
859,5j02.A.343,train,False
860,5j02.A.344,train,False
861,5j02.A.345,train,False
862,5j02.A.346,train,False
863,5j02.A.347,train,False
864,5j02.A.348,train,False
865,5j02.A.349,train,False
866,5j02.A.350,train,False
867,5j02.A.351,train,False
868,5j02.A.352,train,False
869,5j02.A.353,train,False
870,5j02.A.354,train,True
871,5j02.A.355,train,True
872,5j02.A.356,train,True
873,5j02.A.357,train,True
874,5j02.A.358,train,True
875,5j02.A.359,train,True
876,5j02.A.360,train,True
877,5j02.A.361,train,True
878,5j02.A.362,train,True
879,5j02.A.363,train,True
880,5j02.A.364,train,True
881,5j02.A.365,train,False
882,5j02.A.366,train,False
883,5j02.A.367,train,True
884,5j02.A.368,train,True
885,5j02.A.369,train,True
886,5j02.A.370,train,True
887,5j02.A.371,train,True
888,5j02.A.372,train,True
889,5j02.A.373,train,True
890,5j02.A.374,train,True
891,5j02.A.375,train,False
892,5j02.A.376,train,True
893,5j02.A.377,train,True
894,5j02.A.378,train,True
895,5j02.A.379,train,True
896,5j02.A.380,train,True
897,5j02.A.381,train,False
898,5j02.A.382,train,False
899,5j02.A.383,train,False
900,5j02.A.384,train,False
901,5j02.A.385,train,False
902,5j02.A.386,train,False
903,5j02.A.387,train,False
904,5j02.A.388,train,True
905,5j02.A.389,train,False
906,5j02.A.390,train,False
907,5j02.A.391,train,False
908,5j02.A.392,train,False
909,5j02.A.393,train,False
910,5j02.A.394,train,False
911,5j02.A.395,train,False
912,5j02.A.396,train,False
913,5j02.A.397,train,False
914,5j02.A.398,train,False
915,5j02.A.399,train,False
916,5j02.A.400,train,False
917,5j02.A.406,train,False
918,5j02.A.405,train,False
919,5j02.A.407,train,False
920,5j02.A.408,train,False
921,5j02.A.409,train,False
922,5j02.A.410,train,False
923,5j02.A.411,train,False
924,5j02.A.412,train,False
925,5j02.A.413,train,False
926,5j02.A.414,train,False
927,5j02.A.415,train,False
928,5j02.A.416,train,False
929,5j02.A.417,train,False
930,5j02.A.418,train,False
931,5j02.A.419,train,True
932,5u3g.B.3,train,False
933,5u3g.B.2,train,True
934,5u3g.B.4,train,False
935,5u3g.B.5,train,True
936,5u3g.B.6,train,True
937,5u3g.B.7,train,True
938,5u3g.B.8,train,True
939,5u3g.B.9,train,True
940,5u3g.B.10,train,True
941,5u3g.B.11,train,True
942,5u3g.B.12,train,True
943,5u3g.B.13,train,False
944,5u3g.B.14,train,True
945,5u3g.B.15,train,False
946,5u3g.B.16,train,True
947,5u3g.B.17,train,True
948,5u3g.B.18,train,True
949,5u3g.B.19,train,True
950,5u3g.B.20,train,False
951,5u3g.B.21,train,False
952,5u3g.B.22,train,False
953,5u3g.B.23,train,False
954,5u3g.B.24,train,False
955,5u3g.B.25,train,True
956,5u3g.B.26,train,True
957,5u3g.B.27,train,True
958,5u3g.B.28,train,True
959,5u3g.B.29,train,True
960,5u3g.B.30,train,True
961,5u3g.B.31,train,True
962,5u3g.B.32,train,True
963,5u3g.B.33,train,True
964,5u3g.B.34,train,True
965,5u3g.B.35,train,True
966,5u3g.B.36,train,True
967,5u3g.B.37,train,True
968,5u3g.B.38,train,False
969,5u3g.B.39,train,True
970,5u3g.B.40,train,True
971,5u3g.B.41,train,True
972,5u3g.B.42,train,False
973,5u3g.B.43,train,False
974,5u3g.B.44,train,False
975,5u3g.B.45,train,False
976,5u3g.B.46,train,False
977,5u3g.B.47,train,True
978,5u3g.B.48,train,True
979,5u3g.B.49,train,True
980,5u3g.B.50,train,True
981,5u3g.B.51,train,True
982,5u3g.B.52,train,True
983,5u3g.B.53,train,False
984,5u3g.B.54,train,False
985,5u3g.B.55,train,False
986,5u3g.B.56,train,False
987,5u3g.B.57,train,False
988,5u3g.B.58,train,True
989,5u3g.B.59,train,True
990,5u3g.B.60,train,True
991,5u3g.B.61,train,True
992,5u3g.B.62,train,True
993,5u3g.B.63,train,True
994,5u3g.B.64,train,True
995,5u3g.B.65,train,True
996,5u3g.B.66,train,True
997,5u3g.B.67,train,True
998,5u3g.B.68,train,True
999,5u3g.B.69,train,True
1000,5u3g.B.70,train,True
1001,5u3g.B.71,train,True
1002,5u3g.B.72,train,True
1003,5u3g.B.73,train,True
1004,5u3g.B.74,train,True
1005,5u3g.B.75,train,True
1006,5u3g.B.76,train,True
1007,5u3g.B.77,train,True
1008,5u3g.B.78,train,True
1009,5u3g.B.79,train,True
1010,5u3g.B.80,train,True
1011,5u3g.B.81,train,True
1012,5u3g.B.82,train,True
1013,5u3g.B.83,train,True
1014,5u3g.B.84,train,True
1015,5u3g.B.85,train,False
1016,3gx3.A.2,train,False
1017,3gx3.A.1,train,False
1018,3gx3.A.3,train,True
1019,3gx3.A.4,train,True
1020,3gx3.A.5,train,True
1021,3gx3.A.6,train,True
1022,3gx3.A.7,train,True
1023,3gx3.A.8,train,True
1024,3gx3.A.9,train,True
1025,3gx3.A.10,train,True
1026,3gx3.A.11,train,True
1027,3gx3.A.12,train,True
1028,3gx3.A.13,train,False
1029,3gx3.A.14,train,False
1030,3gx3.A.15,train,False
1031,3gx3.A.16,train,False
1032,3gx3.A.17,train,False
1033,3gx3.A.18,train,False
1034,3gx3.A.19,train,False
1035,3gx3.A.20,train,False
1036,3gx3.A.21,train,False
1037,3gx3.A.22,train,False
1038,3gx3.A.23,train,True
1039,3gx3.A.24,train,True
1040,3gx3.A.25,train,True
1041,3gx3.A.26,train,True
1042,3gx3.A.27,train,True
1043,3gx3.A.28,train,True
1044,3gx3.A.29,train,True
1045,3gx3.A.30,train,False
1046,3gx3.A.31,train,False
1047,3gx3.A.32,train,True
1048,3gx3.A.33,train,True
1049,3gx3.A.34,train,False
1050,3gx3.A.35,train,False
1051,3gx3.A.36,train,False
1052,3gx3.A.37,train,False
1053,3gx3.A.38,train,False
1054,3gx3.A.39,train,False
1055,3gx3.A.40,train,False
1056,3gx3.A.41,train,False
1057,3gx3.A.42,train,False
1058,3gx3.A.43,train,False
1059,3gx3.A.44,train,True
1060,3gx3.A.45,train,True
1061,3gx3.A.46,train,True
1062,3gx3.A.47,train,True
1063,3gx3.A.48,train,False
1064,3gx3.A.49,train,True
1065,3gx3.A.50,train,True
1066,3gx3.A.51,train,False
1067,3gx3.A.52,train,True
1068,3gx3.A.53,train,True
1069,3gx3.A.54,train,True
1070,3gx3.A.55,train,True
1071,3gx3.A.56,train,True
1072,3gx3.A.57,train,True
1073,3gx3.A.58,train,True
1074,3gx3.A.59,train,True
1075,3gx3.A.60,train,False
1076,3gx3.A.61,train,True
1077,3gx3.A.62,train,True
1078,3gx3.A.63,train,True
1079,3gx3.A.64,train,True
1080,3gx3.A.65,train,True
1081,3gx3.A.66,train,True
1082,3gx3.A.67,train,True
1083,3gx3.A.68,train,True
1084,3gx3.A.69,train,False
1085,3gx3.A.70,train,True
1086,3gx3.A.71,train,True
1087,3gx3.A.72,train,True
1088,3gx3.A.73,train,True
1089,3gx3.A.74,train,False
1090,3gx3.A.75,train,False
1091,3gx3.A.76,train,False
1092,3gx3.A.77,train,False
1093,3gx3.A.78,train,True
1094,3gx3.A.79,train,True
1095,3gx3.A.80,train,True
1096,3gx3.A.81,train,True
1097,3gx3.A.82,train,True
1098,3gx3.A.83,train,True
1099,3gx3.A.84,train,True
1100,3gx3.A.85,train,True
1101,3gx3.A.86,train,True
1102,3gx3.A.87,train,True
1103,3gx3.A.88,train,True
1104,3gx3.A.89,train,True
1105,3gx3.A.90,train,True
1106,3gx3.A.91,train,False
1107,3gx3.A.92,train,False
1108,3gx3.A.93,train,False
1109,3gx3.A.94,train,False
1110,4rge.B.2,train,True
1111,4rge.B.1,train,True
1112,4rge.B.3,train,True
1113,4rge.B.4,train,True
1114,4rge.B.5,train,False
1115,4rge.B.6,train,True
1116,4rge.B.7,train,True
1117,4rge.B.8,train,True
1118,4rge.B.9,train,True
1119,4rge.B.10,train,False
1120,4rge.B.11,train,False
1121,4rge.B.12,train,False
1122,4rge.B.13,train,True
1123,4rge.B.14,train,True
1124,4rge.B.15,train,True
1125,4rge.B.16,train,False
1126,4rge.B.17,train,False
1127,4rge.B.18,train,False
1128,4rge.B.19,train,False
1129,4rge.B.20,train,False
1130,4rge.B.21,train,False
1131,4rge.B.22,train,False
1132,4rge.B.23,train,True
1133,4rge.B.24,train,True
1134,4rge.B.25,train,True
1135,4rge.B.26,train,True
1136,4rge.B.27,train,True
1137,4rge.B.28,train,True
1138,4rge.B.29,train,True
1139,4rge.B.30,train,True
1140,4rge.B.31,train,True
1141,4rge.B.32,train,True
1142,4rge.B.33,train,True
1143,4rge.B.34,train,True
1144,4rge.B.35,train,True
1145,4rge.B.36,train,True
1146,4rge.B.37,train,True
1147,4rge.B.38,train,False
1148,4rge.B.39,train,True
1149,4rge.B.40,train,True
1150,4rge.B.41,train,True
1151,4rge.B.42,train,True
1152,4rge.B.43,train,True
1153,4rge.B.44,train,False
1154,4rge.B.45,train,True
1155,4rge.B.46,train,True
1156,4rge.B.47,train,True
1157,4rge.B.48,train,True
1158,4rge.B.49,train,False
1159,4rge.B.50,train,True
1160,4rge.B.51,train,True
1161,4rge.B.52,train,True
1162,4rge.B.53,train,True
1163,4rge.B.54,train,True
1164,4rge.B.55,train,False
1165,4rge.B.56,train,False
1166,2kgp.A.2,val,True
1167,2kgp.A.1,val,False
1168,2kgp.A.3,val,True
1169,2kgp.A.4,val,True
1170,2kgp.A.5,val,True
1171,2kgp.A.6,val,True
1172,2kgp.A.7,val,False
1173,2kgp.A.8,val,False
1174,2kgp.A.9,val,False
1175,2kgp.A.10,val,False
1176,2kgp.A.11,val,False
1177,2kgp.A.12,val,False
1178,2kgp.A.13,val,False
1179,2kgp.A.14,val,False
1180,2kgp.A.15,val,False
1181,2kgp.A.16,val,False
1182,2kgp.A.17,val,False
1183,2kgp.A.18,val,False
1184,2kgp.A.19,val,False
1185,2kgp.A.20,val,False
1186,2kgp.A.21,val,True
1187,2kgp.A.22,val,True
1188,2kgp.A.23,val,True
1189,2kgp.A.24,val,True
1190,2kgp.A.25,val,True
1191,3fu2.A.2,train,True
1192,3fu2.A.1,train,True
1193,3fu2.A.3,train,True
1194,3fu2.A.4,train,True
1195,3fu2.A.5,train,True
1196,3fu2.A.6,train,True
1197,3fu2.A.7,train,True
1198,3fu2.A.8,train,True
1199,3fu2.A.9,train,True
1200,3fu2.A.10,train,True
1201,3fu2.A.11,train,True
1202,3fu2.A.12,train,True
1203,3fu2.A.16,train,True
1204,3fu2.A.15,train,False
1205,3fu2.A.17,train,True
1206,3fu2.A.18,train,True
1207,3fu2.A.19,train,False
1208,3fu2.A.20,train,True
1209,3fu2.A.21,train,True
1210,3fu2.A.22,train,True
1211,3fu2.A.23,train,False
1212,3fu2.A.24,train,False
1213,3fu2.A.25,train,False
1214,3fu2.A.26,train,False
1215,3fu2.A.27,train,False
1216,3fu2.A.28,train,True
1217,3fu2.A.29,train,True
1218,3fu2.A.30,train,True
1219,3fu2.A.31,train,True
1220,3fu2.A.32,train,False
1221,3fu2.A.33,train,True
1222,3fu2.A.34,train,True
1223,2fcy.A.2,train,True
1224,2fcy.A.1,train,False
1225,2fcy.A.3,train,False
1226,2fcy.A.4,train,True
1227,2fcy.A.5,train,True
1228,2fcy.A.6,train,True
1229,2fcy.A.7,train,True
1230,2fcy.A.8,train,True
1231,2fcy.A.9,train,True
1232,2fcy.A.10,train,True
1233,2fcy.A.11,train,True
1234,2fcy.A.12,train,True
1235,2fcy.A.13,train,True
1236,2fcy.A.14,train,True
1237,2fcy.A.15,train,True
1238,2fcy.A.16,train,True
1239,2fcy.A.17,train,True
1240,2fcy.A.18,train,False
1241,2fcy.A.19,train,True
1242,2fcy.A.20,train,True
1243,2fcy.A.21,train,True
1244,2fcy.A.22,train,False
1245,2fcy.A.23,train,False
1246,3q50.A.2,train,True
1247,3q50.A.1,train,True
1248,3q50.A.3,train,True
1249,3q50.A.4,train,True
1250,3q50.A.5,train,True
1251,3q50.A.6,train,True
1252,3q50.A.7,train,True
1253,3q50.A.8,train,False
1254,3q50.A.9,train,False
1255,3q50.A.10,train,False
1256,3q50.A.11,train,True
1257,3q50.A.12,train,True
1258,3q50.A.13,train,True
1259,3q50.A.14,train,True
1260,3q50.A.15,train,True
1261,3q50.A.16,train,True
1262,3q50.A.17,train,True
1263,3q50.A.18,train,True
1264,3q50.A.19,train,True
1265,3q50.A.20,train,True
1266,3q50.A.21,train,False
1267,3q50.A.22,train,False
1268,3q50.A.23,train,False
1269,3q50.A.24,train,False
1270,3q50.A.25,train,False
1271,3q50.A.26,train,False
1272,3q50.A.27,train,True
1273,3q50.A.28,train,True
1274,3q50.A.29,train,True
1275,3q50.A.30,train,True
1276,3q50.A.31,train,False
1277,3q50.A.32,train,True
1278,3q50.A.33,train,False
1279,1fmn.A.2,test,False
1280,1fmn.A.1,test,False
1281,1fmn.A.3,test,False
1282,1fmn.A.4,test,False
1283,1fmn.A.5,test,False
1284,1fmn.A.6,test,False
1285,1fmn.A.7,test,True
1286,1fmn.A.8,test,True
1287,1fmn.A.9,test,True
1288,1fmn.A.10,test,True
1289,1fmn.A.11,test,True
1290,1fmn.A.12,test,True
1291,1fmn.A.13,test,True
1292,1fmn.A.14,test,False
1293,1fmn.A.15,test,False
1294,1fmn.A.16,test,False
1295,1fmn.A.17,test,False
1296,1fmn.A.18,test,False
1297,1fmn.A.19,test,False
1298,1fmn.A.20,test,False
1299,1fmn.A.21,test,False
1300,1fmn.A.22,test,False
1301,1fmn.A.23,test,False
1302,1fmn.A.24,test,True
1303,1fmn.A.25,test,True
1304,1fmn.A.26,test,True
1305,1fmn.A.27,test,True
1306,1fmn.A.28,test,True
1307,1fmn.A.29,test,False
1308,1fmn.A.30,test,False
1309,1fmn.A.31,test,False
1310,1fmn.A.32,test,False
1311,1fmn.A.33,test,False
1312,1fmn.A.34,test,False
1313,1fmn.A.35,test,False
1314,1raw.A.2,val,False
1315,1raw.A.1,val,False
1316,1raw.A.3,val,False
1317,1raw.A.4,val,False
1318,1raw.A.5,val,False
1319,1raw.A.6,val,True
1320,1raw.A.7,val,True
1321,1raw.A.8,val,True
1322,1raw.A.9,val,True
1323,1raw.A.10,val,True
1324,1raw.A.11,val,True
1325,1raw.A.12,val,True
1326,1raw.A.13,val,False
1327,1raw.A.14,val,False
1328,1raw.A.15,val,True
1329,1raw.A.16,val,True
1330,1raw.A.17,val,True
1331,1raw.A.18,val,True
1332,1raw.A.19,val,True
1333,1raw.A.20,val,False
1334,1raw.A.21,val,False
1335,1raw.A.22,val,False
1336,1raw.A.23,val,False
1337,1raw.A.24,val,False
1338,1raw.A.25,val,False
1339,1raw.A.26,val,False
1340,1raw.A.27,val,False
1341,1raw.A.28,val,False
1342,1raw.A.29,val,True
1343,1raw.A.30,val,True
1344,1raw.A.31,val,True
1345,1raw.A.32,val,False
1346,1raw.A.33,val,False
1347,1raw.A.34,val,False
1348,1raw.A.35,val,False
1349,1raw.A.36,val,False
1350,3bnq.C.2,train,False
1351,3bnq.C.1,train,False
1352,3bnq.C.3,train,False
1353,3bnq.C.4,train,False
1354,3bnq.C.5,train,True
1355,3bnq.C.6,train,True
1356,3bnq.C.7,train,True
1357,3bnq.C.8,train,False
1358,3bnq.C.9,train,True
1359,3bnq.C.10,train,True
1360,3bnq.C.11,train,False
1361,3bnq.C.12,train,False
1362,3bnq.C.13,train,False
1363,3bnq.C.14,train,False
1364,3bnq.C.15,train,False
1365,3bnq.C.16,train,False
1366,3bnq.C.17,train,False
1367,3bnq.C.18,train,False
1368,3bnq.C.19,train,True
1369,3bnq.C.20,train,True
1370,3bnq.C.21,train,True
1371,3bnq.C.22,train,True
1372,3bnq.C.23,train,True
1373,1lvj.A.17,train,False
1374,1lvj.A.16,train,False
1375,1lvj.A.18,train,False
1376,1lvj.A.19,train,False
1377,1lvj.A.20,train,False
1378,1lvj.A.21,train,True
1379,1lvj.A.22,train,True
1380,1lvj.A.23,train,True
1381,1lvj.A.24,train,True
1382,1lvj.A.25,train,True
1383,1lvj.A.26,train,True
1384,1lvj.A.27,train,True
1385,1lvj.A.28,train,False
1386,1lvj.A.29,train,False
1387,1lvj.A.30,train,False
1388,1lvj.A.31,train,False
1389,1lvj.A.32,train,False
1390,1lvj.A.33,train,False
1391,1lvj.A.34,train,False
1392,1lvj.A.35,train,False
1393,1lvj.A.36,train,False
1394,1lvj.A.37,train,False
1395,1lvj.A.38,train,True
1396,1lvj.A.39,train,True
1397,1lvj.A.40,train,True
1398,1lvj.A.41,train,True
1399,1lvj.A.42,train,False
1400,1lvj.A.43,train,False
1401,1lvj.A.44,train,False
1402,1lvj.A.45,train,False
1403,1lvj.A.46,train,False
1404,430d.A.2,test,True
1405,430d.A.1,test,True
1406,430d.A.3,test,True
1407,430d.A.4,test,True
1408,430d.A.5,test,True
1409,430d.A.6,test,False
1410,430d.A.7,test,False
1411,430d.A.8,test,False
1412,430d.A.9,test,False
1413,430d.A.10,test,True
1414,430d.A.11,test,True
1415,430d.A.12,test,True
1416,430d.A.13,test,True
1417,430d.A.14,test,True
1418,430d.A.15,test,True
1419,430d.A.16,test,True
1420,430d.A.17,test,True
1421,430d.A.18,test,True
1422,430d.A.19,test,True
1423,430d.A.20,test,False
1424,430d.A.21,test,False
1425,430d.A.22,test,True
1426,430d.A.23,test,True
1427,430d.A.24,test,True
1428,430d.A.25,test,True
1429,430d.A.26,test,True
1430,430d.A.27,test,False
1431,430d.A.28,test,True
1432,430d.A.29,test,True
1433,379d.B.12,test,True
1434,379d.B.11,test,True
1435,379d.B.13,test,False
1436,379d.B.14,test,True
1437,379d.B.15,test,False
1438,379d.B.32,test,False
1439,379d.B.31,test,True
1440,379d.B.33,test,False
1441,379d.B.34,test,True
1442,379d.B.112,test,False
1443,379d.B.111,test,False
1444,379d.B.113,test,False
1445,379d.B.114,test,False
1446,379d.B.152,test,False
1447,379d.B.151,test,False
1448,379d.B.153,test,False
1449,379d.B.154,test,True
1450,379d.B.162,test,True
1451,379d.B.161,test,False
1452,379d.B.163,test,True
1453,379d.B.164,test,True
1454,1byj.A.2,train,True
1455,1byj.A.1,train,False
1456,1byj.A.3,train,True
1457,1byj.A.4,train,True
1458,1byj.A.5,train,True
1459,1byj.A.6,train,True
1460,1byj.A.7,train,True
1461,1byj.A.8,train,True
1462,1byj.A.9,train,True
1463,1byj.A.10,train,False
1464,1byj.A.11,train,False
1465,1byj.A.12,train,False
1466,1byj.A.13,train,False
1467,1byj.A.14,train,False
1468,1byj.A.15,train,False
1469,1byj.A.16,train,False
1470,1byj.A.17,train,True
1471,1byj.A.18,train,True
1472,1byj.A.19,train,True
1473,1byj.A.20,train,True
1474,1byj.A.21,train,True
1475,1byj.A.22,train,True
1476,1byj.A.23,train,True
1477,1byj.A.24,train,True
1478,1byj.A.25,train,True
1479,1byj.A.26,train,False
1480,1byj.A.27,train,False
1481,1ei2.A.2,val,True
1482,1ei2.A.1,val,True
1483,1ei2.A.3,val,True
1484,1ei2.A.4,val,True
1485,1ei2.A.5,val,True
1486,1ei2.A.6,val,True
1487,1ei2.A.7,val,True
1488,1ei2.A.8,val,True
1489,1ei2.A.9,val,True
1490,1ei2.A.10,val,True
1491,1ei2.A.11,val,True
1492,1ei2.A.12,val,False
1493,1ei2.A.13,val,True
1494,1ei2.A.14,val,True
1495,1ei2.A.15,val,True
1496,1ei2.A.16,val,True
1497,1ei2.A.17,val,True
1498,1ei2.A.18,val,True
1499,1ei2.A.19,val,True
1500,1ei2.A.20,val,True
1501,1ei2.A.21,val,True
1502,1ei2.A.22,val,True
1503,1ei2.A.23,val,False
1504,1ei2.A.24,val,False
1505,1ei2.A.25,val,False
1506,1uts.B.18,train,False
1507,1uts.B.17,train,False
1508,1uts.B.19,train,False
1509,1uts.B.20,train,False
1510,1uts.B.21,train,True
1511,1uts.B.22,train,True
1512,1uts.B.23,train,True
1513,1uts.B.24,train,True
1514,1uts.B.25,train,True
1515,1uts.B.26,train,True
1516,1uts.B.27,train,True
1517,1uts.B.28,train,False
1518,1uts.B.29,train,False
1519,1uts.B.30,train,False
1520,1uts.B.31,train,False
1521,1uts.B.32,train,False
1522,1uts.B.33,train,False
1523,1uts.B.34,train,False
1524,1uts.B.35,train,False
1525,1uts.B.36,train,False
1526,1uts.B.37,train,False
1527,1uts.B.38,train,False
1528,1uts.B.39,train,True
1529,1uts.B.40,train,True
1530,1uts.B.41,train,True
1531,1uts.B.42,train,False
1532,1uts.B.43,train,False
1533,1uts.B.44,train,False
1534,1uts.B.45,train,False
1535,1ntb.A.2,train,False
1536,1ntb.A.1,train,False
1537,1ntb.A.3,train,False
1538,1ntb.A.4,train,False
1539,1ntb.A.5,train,False
1540,1ntb.A.6,train,True
1541,1ntb.A.7,train,True
1542,1ntb.A.8,train,True
1543,1ntb.A.9,train,True
1544,1ntb.A.10,train,True
1545,1ntb.A.11,train,True
1546,1ntb.A.12,train,True
1547,1ntb.A.13,train,False
1548,1ntb.A.14,train,True
1549,1ntb.A.15,train,True
1550,1ntb.A.16,train,True
1551,1ntb.A.17,train,True
1552,1ntb.A.18,train,True
1553,1ntb.A.19,train,False
1554,1ntb.A.20,train,False
1555,1ntb.A.21,train,False
1556,1ntb.A.22,train,False
1557,2mis.A.2,test,True
1558,2mis.A.1,test,True
1559,2mis.A.3,test,True
1560,2mis.A.4,test,True
1561,2mis.A.5,test,True
1562,2mis.A.6,test,True
1563,2mis.A.7,test,True
1564,2mis.A.8,test,True
1565,2mis.A.9,test,True
1566,2mis.A.10,test,True
1567,2mis.A.11,test,True
1568,2mis.A.12,test,True
1569,2mis.A.13,test,True
1570,2mis.A.14,test,True
1571,2mis.A.15,test,True
1572,2mis.A.16,test,True
1573,2mis.A.17,test,True
1574,2mis.A.18,test,True
1575,2mis.A.19,test,True
1576,2mis.A.20,test,False
1577,2mis.A.21,test,True
1578,2mis.A.22,test,True
1579,2mis.A.23,test,True
1580,2mis.A.24,test,True
1581,2mis.A.25,test,False
1582,2mis.A.26,test,False
1583,3vrs.A.2,train,True
1584,3vrs.A.1,train,True
1585,3vrs.A.3,train,True
1586,3vrs.A.4,train,True
1587,3vrs.A.5,train,True
1588,3vrs.A.6,train,True
1589,3vrs.A.7,train,True
1590,3vrs.A.8,train,True
1591,3vrs.A.9,train,True
1592,3vrs.A.10,train,False
1593,3vrs.A.11,train,False
1594,3vrs.A.12,train,False
1595,3vrs.A.13,train,False
1596,3vrs.A.14,train,False
1597,3vrs.A.15,train,False
1598,3vrs.A.16,train,False
1599,3vrs.A.17,train,False
1600,3vrs.A.18,train,False
1601,3vrs.A.19,train,False
1602,3vrs.A.20,train,False
1603,3vrs.A.21,train,False
1604,3vrs.A.22,train,True
1605,3vrs.A.23,train,True
1606,3vrs.A.24,train,True
1607,3vrs.A.25,train,True
1608,3vrs.A.26,train,False
1609,3vrs.A.27,train,False
1610,3vrs.A.28,train,True
1611,3vrs.A.29,train,True
1612,3vrs.A.30,train,True
1613,3vrs.A.31,train,True
1614,3vrs.A.32,train,False
1615,3vrs.A.33,train,False
1616,3vrs.A.34,train,True
1617,3vrs.A.35,train,True
1618,3vrs.A.36,train,True
1619,3vrs.A.37,train,False
1620,3vrs.A.38,train,True
1621,3vrs.A.39,train,True
1622,3vrs.A.40,train,True
1623,3vrs.A.41,train,True
1624,3vrs.A.42,train,True
1625,3vrs.A.43,train,False
1626,3vrs.A.44,train,False
1627,3vrs.A.45,train,False
1628,3vrs.A.46,train,False
1629,3vrs.A.47,train,False
1630,3vrs.A.48,train,False
1631,3vrs.A.49,train,True
1632,3vrs.A.50,train,True
1633,3vrs.A.51,train,False
1634,3vrs.A.52,train,False
1635,1yls.B.202,train,True
1636,1yls.B.201,train,True
1637,1yls.B.203,train,True
1638,1yls.B.204,train,False
1639,1yls.B.205,train,True
1640,1yls.B.206,train,True
1641,1yls.B.207,train,True
1642,1yls.B.208,train,True
1643,1yls.B.209,train,False
1644,1yls.B.210,train,True
1645,1yls.B.211,train,True
1646,1yls.B.212,train,True
1647,1yls.B.213,train,True
1648,1yls.B.214,train,True
1649,1yls.B.215,train,True
1650,1yls.B.216,train,True
1651,1yls.B.217,train,True
1652,1yls.B.218,train,True
1653,1yls.B.219,train,False
1654,1yls.B.220,train,False
1655,1yls.B.221,train,False
1656,1yls.B.222,train,False
1657,1yls.B.223,train,False
1658,1yls.B.224,train,False
1659,1yls.B.225,train,False
1660,1yls.B.226,train,False
1661,1yls.B.227,train,True
1662,1yls.B.228,train,True
1663,1yls.B.229,train,False
1664,1yls.B.230,train,True
1665,1yls.B.231,train,True
1666,1yls.B.232,train,True
1667,1yls.B.233,train,True
1668,1yls.B.234,train,True
1669,1yls.B.235,train,True
1670,1yls.B.236,train,True
1671,1yls.B.237,train,True
1672,1yls.B.238,train,True
1673,1uud.B.18,train,False
1674,1uud.B.17,train,False
1675,1uud.B.19,train,False
1676,1uud.B.20,train,False
1677,1uud.B.21,train,True
1678,1uud.B.22,train,True
1679,1uud.B.23,train,True
1680,1uud.B.24,train,False
1681,1uud.B.25,train,True
1682,1uud.B.26,train,True
1683,1uud.B.27,train,True
1684,1uud.B.28,train,True
1685,1uud.B.29,train,True
1686,1uud.B.30,train,False
1687,1uud.B.31,train,False
1688,1uud.B.32,train,False
1689,1uud.B.33,train,False
1690,1uud.B.34,train,False
1691,1uud.B.35,train,True
1692,1uud.B.36,train,True
1693,1uud.B.37,train,True
1694,1uud.B.38,train,True
1695,1uud.B.39,train,True
1696,1uud.B.40,train,True
1697,1uud.B.41,train,True
1698,1uud.B.42,train,False
1699,1uud.B.43,train,False
1700,1uud.B.44,train,False
1701,1uud.B.45,train,False
1702,3q3z.V.9,train,False
1703,3q3z.V.8,train,True
1704,3q3z.V.10,train,False
1705,3q3z.V.11,train,True
1706,3q3z.V.12,train,True
1707,3q3z.V.13,train,True
1708,3q3z.V.14,train,True
1709,3q3z.V.15,train,False
1710,3q3z.V.16,train,False
1711,3q3z.V.17,train,True
1712,3q3z.V.18,train,True
1713,3q3z.V.19,train,True
1714,3q3z.V.20,train,False
1715,3q3z.V.21,train,False
1716,3q3z.V.22,train,False
1717,3q3z.V.23,train,False
1718,3q3z.V.24,train,False
1719,3q3z.V.25,train,False
1720,3q3z.V.26,train,False
1721,3q3z.V.27,train,False
1722,3q3z.V.28,train,False
1723,3q3z.V.29,train,False
1724,3q3z.V.30,train,False
1725,3q3z.V.31,train,False
1726,3q3z.V.32,train,False
1727,3q3z.V.33,train,True
1728,3q3z.V.34,train,True
1729,3q3z.V.35,train,False
1730,3q3z.V.36,train,False
1731,3q3z.V.37,train,True
1732,3q3z.V.38,train,True
1733,3q3z.V.39,train,True
1734,3q3z.V.40,train,False
1735,3q3z.V.41,train,False
1736,3q3z.V.42,train,False
1737,3q3z.V.43,train,False
1738,3q3z.V.44,train,False
1739,3q3z.V.45,train,True
1740,3q3z.V.46,train,True
1741,3q3z.V.47,train,False
1742,3q3z.V.48,train,False
1743,3q3z.V.49,train,False
1744,3q3z.V.50,train,False
1745,3q3z.V.51,train,False
1746,3q3z.V.52,train,False
1747,3q3z.V.53,train,False
1748,3q3z.V.54,train,False
1749,3q3z.V.55,train,True
1750,3q3z.V.56,train,True
1751,3q3z.V.57,train,True
1752,3q3z.V.58,train,True
1753,3q3z.V.59,train,True
1754,3q3z.V.60,train,True
1755,3q3z.V.61,train,True
1756,3q3z.V.62,train,True
1757,3q3z.V.63,train,True
1758,3q3z.V.64,train,False
1759,3q3z.V.65,train,True
1760,3q3z.V.66,train,True
1761,3q3z.V.67,train,True
1762,3q3z.V.68,train,True
1763,3q3z.V.69,train,True
1764,3q3z.V.70,train,True
1765,3q3z.V.71,train,True
1766,3q3z.V.72,train,True
1767,3q3z.V.73,train,True
1768,3q3z.V.74,train,True
1769,3q3z.V.75,train,True
1770,3q3z.V.76,train,False
1771,3q3z.V.77,train,False
1772,3q3z.V.78,train,False
1773,3q3z.V.79,train,True
1774,3q3z.V.80,train,True
1775,3q3z.V.81,train,False
1776,2tob.A.5,test,True
1777,2tob.A.4,test,False
1778,2tob.A.6,test,True
1779,2tob.A.7,test,True
1780,2tob.A.8,test,True
1781,2tob.A.9,test,True
1782,2tob.A.10,test,True
1783,2tob.A.11,test,True
1784,2tob.A.12,test,True
1785,2tob.A.13,test,True
1786,2tob.A.14,test,True
1787,2tob.A.15,test,True
1788,2tob.A.16,test,True
1789,2tob.A.17,test,True
1790,2tob.A.18,test,True
1791,2tob.A.19,test,True
1792,2tob.A.20,test,True
1793,2tob.A.21,test,True
1794,2tob.A.22,test,False
1795,2tob.A.23,test,False
1796,4nyb.A.10,train,False
1797,4nyb.A.9,train,False
1798,4nyb.A.11,train,False
1799,4nyb.A.12,train,True
1800,4nyb.A.13,train,True
1801,4nyb.A.14,train,False
1802,4nyb.A.15,train,False
1803,4nyb.A.16,train,False
1804,4nyb.A.17,train,True
1805,4nyb.A.18,train,True
1806,4nyb.A.19,train,True
1807,4nyb.A.20,train,True
1808,4nyb.A.21,train,True
1809,4nyb.A.22,train,True
1810,4nyb.A.23,train,False
1811,4nyb.A.24,train,False
1812,4nyb.A.25,train,False
1813,4nyb.A.26,train,False
1814,4nyb.A.31,train,False
1815,4nyb.A.30,train,False
1816,4nyb.A.32,train,False
1817,4nyb.A.33,train,False
1818,4nyb.A.34,train,True
1819,4nyb.A.35,train,True
1820,4nyb.A.36,train,True
1821,4nyb.A.37,train,False
1822,4nyb.A.38,train,True
1823,4nyb.A.39,train,True
1824,4nyb.A.40,train,True
1825,4nyb.A.41,train,True
1826,4nyb.A.42,train,True
1827,4nyb.A.43,train,True
1828,4nyb.A.44,train,True
1829,4nyb.A.45,train,False
1830,4nyb.A.46,train,False
1831,4nyb.A.47,train,False
1832,4nyb.A.48,train,False
1833,4nyb.A.49,train,False
1834,4nyb.A.50,train,False
1835,4nyb.A.51,train,False
1836,4nyb.A.52,train,True
1837,4nyb.A.53,train,False
1838,4nyb.A.54,train,True
1839,4nyb.A.55,train,False
1840,4nyb.A.56,train,True
1841,4nyb.A.57,train,True
1842,4nyb.A.58,train,True
1843,4nyb.A.59,train,True
1844,4nyb.A.60,train,True
1845,4nyb.A.61,train,True
1846,4nyb.A.62,train,True
1847,4nyb.A.63,train,True
1848,4nyb.A.64,train,True
1849,4nyb.A.65,train,True
1850,4nyb.A.66,train,True
1851,4nyb.A.67,train,True
1852,4nyb.A.68,train,True
1853,4nyb.A.69,train,True
1854,4nyb.A.70,train,True
1855,4nyb.A.71,train,True
1856,4nyb.A.72,train,True
1857,4nyb.A.73,train,True
1858,4nyb.A.74,train,True
1859,4nyb.A.75,train,False
1860,4nyb.A.76,train,True
1861,4nyb.A.77,train,True
1862,4nyb.A.78,train,True
1863,4nyb.A.79,train,True
1864,4nyb.A.80,train,True
1865,4nyb.A.81,train,True
1866,4nyb.A.82,train,True
1867,4nyb.A.83,train,True
1868,4nyb.A.84,train,False
1869,4nyb.A.85,train,True
1870,4nyb.A.86,train,True
1871,4nyb.A.87,train,True
1872,4nyb.A.88,train,False
1873,4nyb.A.89,train,False
1874,4nyb.A.90,train,True
1875,4nyb.A.91,train,False
1876,2juk.A.2,test,False
1877,2juk.A.1,test,False
1878,2juk.A.3,test,True
1879,2juk.A.4,test,True
1880,2juk.A.5,test,True
1881,2juk.A.6,test,True
1882,2juk.A.7,test,True
1883,2juk.A.8,test,True
1884,2juk.A.9,test,True
1885,2juk.A.10,test,True
1886,2juk.A.11,test,True
1887,2juk.A.12,test,True
1888,2juk.A.13,test,True
1889,2juk.A.14,test,True
1890,2juk.A.15,test,True
1891,2juk.A.16,test,True
1892,2juk.A.17,test,True
1893,2juk.A.18,test,True
1894,2juk.A.19,test,False
1895,2juk.A.20,test,False
1896,2juk.A.21,test,False
1897,2juk.A.22,test,False
1898,3mei.B.2,train,False
1899,3mei.B.1,train,False
1900,3mei.B.3,train,False
1901,3mei.B.4,train,False
1902,3mei.B.5,train,False
1903,3mei.B.6,train,True
1904,3mei.B.7,train,True
1905,3mei.B.8,train,True
1906,3mei.B.9,train,True
1907,3mei.B.10,train,False
1908,3mei.B.11,train,False
1909,3mei.B.12,train,False
1910,3mei.B.13,train,False
1911,3mei.B.14,train,True
1912,3mei.B.15,train,True
1913,3mei.B.16,train,False
1914,3mei.B.17,train,False
1915,3mei.B.18,train,True
1916,3mei.B.19,train,True
1917,3mei.B.20,train,True
1918,3mei.B.21,train,True
1919,3mei.B.22,train,True
1920,3mei.B.23,train,True
1921,3c44.A.2,train,False
1922,3c44.A.1,train,False
1923,3c44.A.3,train,False
1924,3c44.A.4,train,True
1925,3c44.A.5,train,True
1926,3c44.A.6,train,True
1927,3c44.A.7,train,True
1928,3c44.A.8,train,True
1929,3c44.A.9,train,True
1930,3c44.A.10,train,True
1931,3c44.A.11,train,True
1932,3c44.A.12,train,True
1933,3c44.A.13,train,True
1934,3c44.A.14,train,True
1935,3c44.A.15,train,True
1936,3c44.A.16,train,True
1937,3c44.A.17,train,True
1938,3c44.A.18,train,False
1939,3c44.A.19,train,True
1940,3c44.A.20,train,True
1941,3c44.A.21,train,True
1942,3c44.A.22,train,False
1943,3c44.A.23,train,False
1944,2ktz.A.2,train,False
1945,2ktz.A.1,train,False
1946,2ktz.A.3,train,True
1947,2ktz.A.4,train,True
1948,2ktz.A.5,train,True
1949,2ktz.A.6,train,True
1950,2ktz.A.7,train,True
1951,2ktz.A.8,train,True
1952,2ktz.A.9,train,True
1953,2ktz.A.10,train,True
1954,2ktz.A.11,train,True
1955,2ktz.A.12,train,True
1956,2ktz.A.13,train,True
1957,2ktz.A.14,train,False
1958,2ktz.A.15,train,False
1959,2ktz.A.16,train,False
1960,2ktz.A.17,train,False
1961,2ktz.A.18,train,False
1962,2ktz.A.19,train,False
1963,2ktz.A.20,train,False
1964,2ktz.A.21,train,False
1965,2ktz.A.22,train,False
1966,2ktz.A.23,train,False
1967,2ktz.A.24,train,False
1968,2ktz.A.25,train,False
1969,2ktz.A.26,train,False
1970,2ktz.A.27,train,False
1971,2ktz.A.28,train,False
1972,2ktz.A.29,train,True
1973,2ktz.A.30,train,True
1974,2ktz.A.31,train,True
1975,2ktz.A.32,train,True
1976,2ktz.A.33,train,True
1977,2ktz.A.34,train,True
1978,2ktz.A.35,train,True
1979,2ktz.A.36,train,False
1980,2ktz.A.37,train,False
1981,2ktz.A.38,train,False
1982,4lvx.A.2,train,False
1983,4lvx.A.1,train,False
1984,4lvx.A.3,train,False
1985,4lvx.A.4,train,False
1986,4lvx.A.5,train,False
1987,4lvx.A.6,train,False
1988,4lvx.A.7,train,True
1989,4lvx.A.8,train,True
1990,4lvx.A.9,train,False
1991,4lvx.A.10,train,False
1992,4lvx.A.11,train,False
1993,4lvx.A.12,train,False
1994,4lvx.A.13,train,False
1995,4lvx.A.14,train,False
1996,4lvx.A.15,train,False
1997,4lvx.A.16,train,False
1998,4lvx.A.17,train,False
1999,4lvx.A.18,train,False
2000,4lvx.A.19,train,False
2001,4lvx.A.20,train,False
2002,4lvx.A.21,train,False
2003,4lvx.A.22,train,False
2004,4lvx.A.23,train,False
2005,4lvx.A.24,train,True
2006,4lvx.A.25,train,True
2007,4lvx.A.26,train,True
2008,4lvx.A.27,train,False
2009,4lvx.A.28,train,False
2010,4lvx.A.29,train,False
2011,4lvx.A.30,train,False
2012,4lvx.A.31,train,False
2013,4lvx.A.32,train,False
2014,4lvx.A.33,train,False
2015,4lvx.A.34,train,False
2016,4lvx.A.35,train,True
2017,4lvx.A.36,train,False
2018,4lvx.A.37,train,False
2019,4lvx.A.38,train,False
2020,4lvx.A.39,train,False
2021,4lvx.A.40,train,False
2022,4lvx.A.41,train,True
2023,4lvx.A.42,train,True
2024,4lvx.A.43,train,False
2025,4lvx.A.44,train,True
2026,4lvx.A.45,train,False
2027,4lvx.A.46,train,False
2028,4lvx.A.47,train,False
2029,4lvx.A.48,train,False
2030,4lvx.A.49,train,False
2031,4lvx.A.50,train,False
2032,4lvx.A.51,train,False
2033,4lvx.A.52,train,True
2034,4lvx.A.53,train,True
2035,4lvx.A.54,train,True
2036,4lvx.A.55,train,False
2037,4lvx.A.56,train,False
2038,4lvx.A.57,train,False
2039,4lvx.A.58,train,False
2040,4lvx.A.59,train,False
2041,4lvx.A.60,train,False
2042,4lvx.A.61,train,False
2043,4lvx.A.62,train,False
2044,4lvx.A.63,train,False
2045,4lvx.A.64,train,False
2046,4lvx.A.65,train,False
2047,4lvx.A.66,train,False
2048,4lvx.A.67,train,True
2049,4lvx.A.68,train,True
2050,4lvx.A.69,train,False
2051,4lvx.A.70,train,False
2052,4lvx.A.71,train,False
2053,4lvx.A.72,train,False
2054,4lvx.A.73,train,False
2055,4lvx.A.74,train,False
2056,4lvx.A.75,train,False
2057,4lvx.A.76,train,False
2058,4lvx.A.77,train,False
2059,4lvx.A.78,train,True
2060,4lvx.A.79,train,True
2061,4lvx.A.80,train,True
2062,4lvx.A.81,train,False
2063,4lvx.A.82,train,False
2064,4lvx.A.83,train,False
2065,4lvx.A.84,train,False
2066,4lvx.A.85,train,False
2067,4lvx.A.86,train,False
2068,4lvx.A.87,train,False
2069,4lvx.A.88,train,False
2070,4lvx.A.89,train,False
2071,2mxs.A.2,train,False
2072,2mxs.A.1,train,False
2073,2mxs.A.3,train,True
2074,2mxs.A.4,train,True
2075,2mxs.A.5,train,True
2076,2mxs.A.6,train,True
2077,2mxs.A.7,train,False
2078,2mxs.A.8,train,True
2079,2mxs.A.9,train,True
2080,2mxs.A.10,train,True
2081,2mxs.A.11,train,True
2082,2mxs.A.12,train,True
2083,2mxs.A.13,train,True
2084,2mxs.A.14,train,True
2085,2mxs.A.15,train,False
2086,2mxs.A.16,train,True
2087,2mxs.A.17,train,True
2088,2mxs.A.18,train,True
2089,2mxs.A.19,train,True
2090,2mxs.A.20,train,True
2091,2mxs.A.21,train,True
2092,2mxs.A.22,train,True
2093,2mxs.A.23,train,True
2094,2mxs.A.24,train,True
2095,2mxs.A.25,train,False
2096,2mxs.A.26,train,False
2097,2mxs.A.27,train,False
2098,1ddy.A.2,test,False
2099,1ddy.A.1,test,False
2100,1ddy.A.3,test,False
2101,1ddy.A.4,test,False
2102,1ddy.A.5,test,False
2103,1ddy.A.6,test,False
2104,1ddy.A.7,test,False
2105,1ddy.A.8,test,False
2106,1ddy.A.9,test,False
2107,1ddy.A.10,test,False
2108,1ddy.A.11,test,True
2109,1ddy.A.12,test,False
2110,1ddy.A.13,test,True
2111,1ddy.A.14,test,True
2112,1ddy.A.15,test,True
2113,1ddy.A.16,test,True
2114,1ddy.A.17,test,True
2115,1ddy.A.18,test,False
2116,1ddy.A.19,test,False
2117,1ddy.A.20,test,False
2118,1ddy.A.21,test,False
2119,1ddy.A.22,test,False
2120,1ddy.A.23,test,False
2121,1ddy.A.24,test,False
2122,1ddy.A.25,test,False
2123,1ddy.A.26,test,False
2124,1ddy.A.27,test,False
2125,1ddy.A.28,test,False
2126,1ddy.A.29,test,True
2127,1ddy.A.30,test,True
2128,1ddy.A.31,test,True
2129,1ddy.A.32,test,True
2130,1ddy.A.33,test,False
2131,1ddy.A.34,test,False
2132,1ddy.A.35,test,False
2133,5v3f.A.2,test,False
2134,5v3f.A.1,test,False
2135,5v3f.A.3,test,False
2136,5v3f.A.4,test,False
2137,5v3f.A.5,test,False
2138,5v3f.A.6,test,False
2139,5v3f.A.7,test,False
2140,5v3f.A.8,test,True
2141,5v3f.A.9,test,True
2142,5v3f.A.10,test,True
2143,5v3f.A.11,test,True
2144,5v3f.A.12,test,True
2145,5v3f.A.13,test,True
2146,5v3f.A.14,test,True
2147,5v3f.A.15,test,True
2148,5v3f.A.16,test,True
2149,5v3f.A.17,test,False
2150,5v3f.A.18,test,True
2151,5v3f.A.19,test,True
2152,5v3f.A.20,test,True
2153,5v3f.A.21,test,True
2154,5v3f.A.22,test,False
2155,5v3f.A.23,test,True
2156,5v3f.A.24,test,True
2157,5v3f.A.25,test,True
2158,5v3f.A.26,test,True
2159,5v3f.A.27,test,False
2160,5v3f.A.28,test,False
2161,5v3f.A.29,test,False
2162,5v3f.A.30,test,False
2163,5v3f.A.31,test,False
2164,1q8n.A.2,test,False
2165,1q8n.A.1,test,False
2166,1q8n.A.3,test,False
2167,1q8n.A.4,test,True
2168,1q8n.A.5,test,False
2169,1q8n.A.6,test,True
2170,1q8n.A.7,test,True
2171,1q8n.A.8,test,True
2172,1q8n.A.9,test,True
2173,1q8n.A.10,test,True
2174,1q8n.A.11,test,False
2175,1q8n.A.12,test,False
2176,1q8n.A.13,test,False
2177,1q8n.A.14,test,False
2178,1q8n.A.15,test,False
2179,1q8n.A.16,test,False
2180,1q8n.A.17,test,False
2181,1q8n.A.18,test,False
2182,1q8n.A.19,test,False
2183,1q8n.A.20,test,False
2184,1q8n.A.21,test,False
2185,1q8n.A.22,test,False
2186,1q8n.A.23,test,True
2187,1q8n.A.24,test,True
2188,1q8n.A.25,test,True
2189,1q8n.A.26,test,False
2190,1q8n.A.27,test,True
2191,1q8n.A.28,test,True
2192,1q8n.A.29,test,True
2193,1q8n.A.30,test,True
2194,1q8n.A.31,test,True
2195,1q8n.A.32,test,False
2196,1q8n.A.33,test,True
2197,1q8n.A.34,test,False
2198,1q8n.A.35,test,False
2199,1q8n.A.36,test,False
2200,1q8n.A.37,test,False
2201,1q8n.A.38,test,False
2202,2l8h.A.18,train,False
2203,2l8h.A.17,train,False
2204,2l8h.A.19,train,False
2205,2l8h.A.20,train,True
2206,2l8h.A.21,train,True
2207,2l8h.A.22,train,True
2208,2l8h.A.23,train,True
2209,2l8h.A.24,train,False
2210,2l8h.A.25,train,False
2211,2l8h.A.26,train,False
2212,2l8h.A.27,train,True
2213,2l8h.A.28,train,True
2214,2l8h.A.29,train,True
2215,2l8h.A.30,train,True
2216,2l8h.A.31,train,True
2217,2l8h.A.32,train,False
2218,2l8h.A.33,train,True
2219,2l8h.A.34,train,True
2220,2l8h.A.35,train,True
2221,2l8h.A.36,train,True
2222,2l8h.A.37,train,True
2223,2l8h.A.38,train,True
2224,2l8h.A.39,train,True
2225,2l8h.A.40,train,False
2226,2l8h.A.41,train,False
2227,2l8h.A.42,train,False
2228,2l8h.A.43,train,False
2229,2l8h.A.44,train,False
2230,2l8h.A.45,train,False
2231,3oxe.B.2,train,False
2232,3oxe.B.1,train,True
2233,3oxe.B.3,train,False
2234,3oxe.B.4,train,False
2235,3oxe.B.5,train,False
2236,3oxe.B.6,train,False
2237,3oxe.B.7,train,False
2238,3oxe.B.8,train,False
2239,3oxe.B.9,train,True
2240,3oxe.B.10,train,True
2241,3oxe.B.11,train,True
2242,3oxe.B.12,train,True
2243,3oxe.B.13,train,True
2244,3oxe.B.14,train,True
2245,3oxe.B.15,train,False
2246,3oxe.B.16,train,True
2247,3oxe.B.17,train,True
2248,3oxe.B.18,train,True
2249,3oxe.B.19,train,True
2250,3oxe.B.20,train,True
2251,3oxe.B.21,train,True
2252,3oxe.B.22,train,True
2253,3oxe.B.23,train,True
2254,3oxe.B.24,train,True
2255,3oxe.B.25,train,True
2256,3oxe.B.26,train,True
2257,3oxe.B.27,train,False
2258,3oxe.B.28,train,False
2259,3oxe.B.29,train,False
2260,3oxe.B.30,train,True
2261,3oxe.B.31,train,True
2262,3oxe.B.32,train,True
2263,3oxe.B.33,train,True
2264,3oxe.B.34,train,True
2265,3oxe.B.35,train,True
2266,3oxe.B.36,train,True
2267,3oxe.B.37,train,True
2268,3oxe.B.38,train,True
2269,3oxe.B.39,train,True
2270,3oxe.B.40,train,True
2271,3oxe.B.41,train,False
2272,3oxe.B.42,train,False
2273,3oxe.B.43,train,False
2274,3oxe.B.44,train,False
2275,3oxe.B.45,train,True
2276,3oxe.B.46,train,True
2277,3oxe.B.47,train,True
2278,3oxe.B.48,train,True
2279,3oxe.B.49,train,True
2280,3oxe.B.50,train,True
2281,3oxe.B.51,train,True
2282,3oxe.B.52,train,True
2283,3oxe.B.53,train,True
2284,3oxe.B.54,train,True
2285,3oxe.B.55,train,True
2286,3oxe.B.56,train,True
2287,3oxe.B.57,train,False
2288,3oxe.B.58,train,False
2289,3oxe.B.59,train,True
2290,3oxe.B.60,train,True
2291,3oxe.B.61,train,True
2292,3oxe.B.62,train,True
2293,3oxe.B.63,train,True
2294,3oxe.B.64,train,True
2295,3oxe.B.65,train,True
2296,3oxe.B.66,train,True
2297,3oxe.B.67,train,True
2298,3oxe.B.68,train,True
2299,3oxe.B.69,train,True
2300,3oxe.B.70,train,True
2301,3oxe.B.71,train,True
2302,3oxe.B.72,train,True
2303,3oxe.B.73,train,True
2304,3oxe.B.74,train,True
2305,3oxe.B.75,train,True
2306,3oxe.B.76,train,True
2307,3oxe.B.77,train,True
2308,3oxe.B.78,train,True
2309,3oxe.B.79,train,True
2310,3oxe.B.80,train,True
2311,3oxe.B.81,train,True
2312,3oxe.B.82,train,False
2313,3oxe.B.83,train,False
2314,3oxe.B.84,train,False
2315,3oxe.B.85,train,False
2316,3oxe.B.86,train,False
2317,3oxe.B.87,train,False
2318,3oxe.B.88,train,False
2319,6fz0.A.2,train,True
2320,6fz0.A.1,train,True
2321,6fz0.A.3,train,True
2322,6fz0.A.4,train,False
2323,6fz0.A.5,train,True
2324,6fz0.A.6,train,False
2325,6fz0.A.7,train,True
2326,6fz0.A.8,train,True
2327,6fz0.A.9,train,True
2328,6fz0.A.10,train,True
2329,6fz0.A.11,train,True
2330,6fz0.A.12,train,True
2331,6fz0.A.13,train,True
2332,6fz0.A.14,train,False
2333,6fz0.A.15,train,True
2334,6fz0.A.16,train,True
2335,6fz0.A.17,train,True
2336,6fz0.A.18,train,True
2337,6fz0.A.19,train,True
2338,6fz0.A.20,train,True
2339,6fz0.A.21,train,True
2340,6fz0.A.22,train,True
2341,6fz0.A.23,train,False
2342,6fz0.A.24,train,True
2343,6fz0.A.25,train,True
2344,6fz0.A.26,train,True
2345,6fz0.A.27,train,True
2346,6fz0.A.28,train,False
2347,6fz0.A.29,train,False
2348,6fz0.A.30,train,False
2349,6fz0.A.31,train,False
2350,6fz0.A.32,train,False
2351,6fz0.A.38,train,False
2352,6fz0.A.37,train,False
2353,6fz0.A.39,train,False
2354,6fz0.A.40,train,False
2355,6fz0.A.41,train,False
2356,6fz0.A.42,train,False
2357,6fz0.A.43,train,False
2358,6fz0.A.44,train,False
2359,6fz0.A.45,train,True
2360,6fz0.A.46,train,True
2361,6fz0.A.47,train,True
2362,6fz0.A.48,train,True
2363,6fz0.A.49,train,True
2364,6fz0.A.50,train,True
2365,6fz0.A.51,train,True
2366,6fz0.A.52,train,False
2367,1aju.A.17,train,False
2368,1aju.A.16,train,False
2369,1aju.A.18,train,False
2370,1aju.A.19,train,False
2371,1aju.A.20,train,False
2372,1aju.A.21,train,True
2373,1aju.A.22,train,True
2374,1aju.A.23,train,True
2375,1aju.A.26,train,True
2376,1aju.A.25,train,True
2377,1aju.A.27,train,True
2378,1aju.A.28,train,True
2379,1aju.A.29,train,True
2380,1aju.A.30,train,False
2381,1aju.A.31,train,False
2382,1aju.A.32,train,False
2383,1aju.A.33,train,False
2384,1aju.A.34,train,False
2385,1aju.A.35,train,True
2386,1aju.A.36,train,True
2387,1aju.A.37,train,True
2388,1aju.A.38,train,True
2389,1aju.A.39,train,True
2390,1aju.A.40,train,True
2391,1aju.A.41,train,True
2392,1aju.A.42,train,False
2393,1aju.A.43,train,False
2394,1aju.A.44,train,False
2395,1aju.A.45,train,False
2396,1aju.A.46,train,False
2397,4qjh.C.2,val,False
2398,4qjh.C.1,val,False
2399,4qjh.C.3,val,False
2400,4qjh.C.4,val,False
2401,4qjh.C.5,val,False
2402,4qjh.C.6,val,False
2403,4qjh.C.7,val,False
2404,4qjh.C.8,val,False
2405,4qjh.C.9,val,False
2406,4qjh.C.10,val,True
2407,4qjh.C.11,val,True
2408,4qjh.C.12,val,True
2409,4qjh.C.13,val,True
2410,4qjh.C.14,val,True
2411,4qjh.C.15,val,True
2412,4qjh.C.16,val,True
2413,4qjh.C.17,val,True
2414,4qjh.C.18,val,True
2415,4qjh.C.19,val,False
2416,4qjh.C.20,val,False
2417,4qjh.C.21,val,False
2418,4qjh.C.22,val,False
2419,4qjh.C.23,val,False
2420,4qjh.C.24,val,False
2421,4qjh.C.25,val,True
2422,4qjh.C.26,val,True
2423,1arj.N.18,train,False
2424,1arj.N.17,train,False
2425,1arj.N.19,train,False
2426,1arj.N.20,train,True
2427,1arj.N.21,train,True
2428,1arj.N.22,train,True
2429,1arj.N.23,train,True
2430,1arj.N.24,train,True
2431,1arj.N.25,train,True
2432,1arj.N.26,train,True
2433,1arj.N.27,train,True
2434,1arj.N.28,train,True
2435,1arj.N.29,train,True
2436,1arj.N.30,train,False
2437,1arj.N.31,train,False
2438,1arj.N.32,train,False
2439,1arj.N.33,train,True
2440,1arj.N.34,train,True
2441,1arj.N.35,train,True
2442,1arj.N.36,train,True
2443,1arj.N.37,train,True
2444,1arj.N.38,train,True
2445,1arj.N.39,train,True
2446,1arj.N.40,train,True
2447,1arj.N.41,train,False
2448,1arj.N.42,train,False
2449,1arj.N.43,train,False
2450,1arj.N.44,train,False
2451,1arj.N.45,train,False
2452,5fj1.C.2,train,True
2453,5fj1.C.1,train,False
2454,5fj1.C.3,train,True
2455,5fj1.C.4,train,True
2456,5fj1.C.5,train,True
2457,5fj1.C.6,train,False
2458,5fj1.C.7,train,False
2459,5fj1.C.8,train,False
2460,5fj1.C.9,train,True
2461,5fj1.C.10,train,True
2462,5fj1.C.11,train,True
2463,5fj1.C.12,train,True
2464,5fj1.C.13,train,False
2465,5fj1.C.14,train,False
2466,5fj1.C.15,train,False
2467,5fj1.C.16,train,False
2468,5fj1.C.17,train,False
2469,5fj1.C.18,train,True
2470,5fj1.C.19,train,False
2471,5fj1.C.20,train,True
2472,5fj1.C.21,train,False
2473,5fj1.C.22,train,False
2474,5fj1.C.23,train,False
2475,5fj1.C.24,train,False
2476,1nem.A.5,test,True
2477,1nem.A.4,test,False
2478,1nem.A.6,test,True
2479,1nem.A.7,test,True
2480,1nem.A.8,test,True
2481,1nem.A.9,test,True
2482,1nem.A.10,test,True
2483,1nem.A.11,test,True
2484,1nem.A.12,test,True
2485,1nem.A.13,test,True
2486,1nem.A.14,test,False
2487,1nem.A.15,test,True
2488,1nem.A.16,test,True
2489,1nem.A.17,test,True
2490,1nem.A.18,test,True
2491,1nem.A.19,test,True
2492,1nem.A.20,test,True
2493,1nem.A.21,test,True
2494,1nem.A.22,test,True
2495,1nem.A.23,test,True
2496,1nem.A.24,test,False
2497,1nem.A.25,test,False
2498,1nem.A.26,test,False
2499,4meg.B.7,train,True
2500,4meg.B.6,train,False
2501,4meg.B.8,train,True
2502,4meg.B.9,train,True
2503,4meg.B.10,train,True
2504,4meg.B.11,train,False
2505,4meg.B.12,train,False
2506,4meg.B.13,train,False
2507,4meg.B.14,train,False
2508,4meg.B.15,train,False
2509,4meg.B.16,train,True
2510,4meg.B.17,train,True
2511,4meg.B.18,train,True
2512,4meg.B.19,train,True
2513,4meg.B.20,train,True
2514,4meg.B.21,train,True
2515,4meg.B.22,train,False
2516,4meg.B.23,train,True
2517,4meg.B.24,train,True
2518,4meg.B.25,train,False
2519,4meg.B.26,train,False
2520,4meg.B.27,train,False
2521,4meg.B.28,train,False
2522,4meg.B.29,train,False
2523,4meg.B.30,train,False
2524,4meg.B.31,train,True
2525,4meg.B.32,train,False
2526,4meg.B.33,train,False
2527,4meg.B.34,train,False
2528,4meg.B.35,train,False
2529,4meg.B.36,train,False
2530,4meg.B.37,train,False
2531,4meg.B.38,train,False
2532,4meg.B.39,train,False
2533,4meg.B.40,train,True
2534,4meg.B.41,train,True
2535,4meg.B.42,train,True
2536,4meg.B.43,train,True
2537,4meg.B.44,train,True
2538,4meg.B.45,train,False
2539,4meg.B.46,train,False
2540,4meg.B.47,train,True
2541,4meg.B.48,train,True
2542,4meg.B.49,train,True
2543,4meg.B.50,train,False
2544,4meg.B.51,train,False
2545,4meg.B.52,train,True
2546,4meg.B.53,train,True
2547,4meg.B.54,train,True
2548,4meg.B.55,train,True
2549,4meg.B.56,train,True
2550,4meg.B.57,train,False
2551,4meg.B.58,train,True
2552,4meg.B.59,train,True
2553,4meg.B.60,train,False
2554,4meg.B.61,train,False
2555,4meg.B.62,train,False
2556,4meg.B.63,train,True
2557,4meg.B.64,train,True
2558,4meg.B.65,train,True
2559,4meg.B.66,train,True
2560,4meg.B.67,train,True
2561,4meg.B.68,train,True
2562,4meg.B.69,train,False
2563,4meg.B.70,train,True
2564,4meg.B.71,train,True
2565,4meg.B.72,train,False
2566,4meg.B.73,train,False
2567,4meg.B.74,train,False
2568,4meg.B.75,train,True
2569,4meg.B.76,train,True
2570,4meg.B.77,train,False
2571,4meg.B.78,train,False
2572,4meg.B.79,train,False
2573,4meg.B.80,train,False
2574,4meg.B.81,train,False
2575,4meg.B.82,train,False
2576,4meg.B.83,train,True
2577,4meg.B.84,train,True
2578,4meg.B.85,train,True
2579,4meg.B.86,train,True
2580,4meg.B.87,train,True
2581,4meg.B.88,train,True
2582,4meg.B.89,train,True
2583,4meg.B.90,train,True
2584,4meg.B.91,train,True
2585,4meg.B.92,train,True
2586,4meg.B.93,train,True
2587,4meg.B.94,train,False
2588,4meg.B.95,train,False
2589,4meg.B.96,train,False
2590,4meg.B.97,train,False
2591,4meg.B.98,train,False
2592,4meg.B.99,train,False
2593,4meg.B.100,train,True
2594,4meg.B.101,train,True
2595,4meg.B.102,train,True
2596,4meg.B.103,train,True
2597,4meg.B.104,train,True
2598,4meg.B.105,train,True
2599,4meg.B.106,train,True
2600,4meg.B.107,train,True
2601,4meg.B.108,train,True
2602,4meg.B.109,train,True
2603,4meg.B.110,train,True
2604,4meg.B.111,train,False
2605,4meg.B.112,train,False
2606,4meg.B.113,train,False
2607,4meg.B.114,train,False
2608,4meg.B.115,train,False
2609,4meg.B.116,train,False
2610,4meg.B.117,train,False
2611,4meg.B.118,train,True
2612,4meg.B.119,train,True
2613,4meg.B.120,train,True
2614,4meg.B.121,train,True
2615,4meg.B.122,train,True
2616,4meg.B.123,train,False
2617,4meg.B.124,train,False
2618,4meg.B.125,train,False
2619,4meg.B.126,train,False
2620,2g5k.A.3,train,True
2621,2g5k.A.2,train,True
2622,2g5k.A.4,train,True
2623,2g5k.A.5,train,True
2624,2g5k.A.6,train,True
2625,2g5k.A.7,train,True
2626,2g5k.A.8,train,True
2627,2g5k.A.9,train,True
2628,2g5k.A.10,train,True
2629,2g5k.A.11,train,True
2630,2g5k.A.12,train,True
2631,2g5k.A.13,train,True
2632,2g5k.A.14,train,True
2633,2g5k.A.15,train,True
2634,2g5k.A.16,train,True
2635,2g5k.A.17,train,True
2636,2g5k.A.18,train,True
2637,2g5k.A.19,train,True
2638,2g5k.A.20,train,True
2639,2g5k.A.21,train,True
2640,2g5k.A.22,train,True
2641,2g5k.A.23,train,False
2642,4yaz.R.3,test,True
2643,4yaz.R.2,test,True
2644,4yaz.R.4,test,False
2645,4yaz.R.5,test,False
2646,4yaz.R.6,test,False
2647,4yaz.R.7,test,False
2648,4yaz.R.8,test,True
2649,4yaz.R.9,test,True
2650,4yaz.R.10,test,True
2651,4yaz.R.11,test,True
2652,4yaz.R.12,test,True
2653,4yaz.R.13,test,True
2654,4yaz.R.14,test,True
2655,4yaz.R.15,test,True
2656,4yaz.R.16,test,True
2657,4yaz.R.17,test,True
2658,4yaz.R.18,test,False
2659,4yaz.R.19,test,True
2660,4yaz.R.20,test,True
2661,4yaz.R.21,test,False
2662,4yaz.R.22,test,False
2663,4yaz.R.23,test,False
2664,4yaz.R.24,test,False
2665,4yaz.R.25,test,False
2666,4yaz.R.26,test,False
2667,4yaz.R.27,test,False
2668,4yaz.R.28,test,False
2669,4yaz.R.29,test,False
2670,4yaz.R.30,test,False
2671,4yaz.R.31,test,False
2672,4yaz.R.32,test,False
2673,4yaz.R.33,test,False
2674,4yaz.R.34,test,False
2675,4yaz.R.35,test,False
2676,4yaz.R.36,test,False
2677,4yaz.R.37,test,False
2678,4yaz.R.38,test,False
2679,4yaz.R.39,test,False
2680,4yaz.R.40,test,True
2681,4yaz.R.41,test,True
2682,4yaz.R.42,test,True
2683,4yaz.R.43,test,True
2684,4yaz.R.44,test,True
2685,4yaz.R.45,test,True
2686,4yaz.R.46,test,True
2687,4yaz.R.47,test,False
2688,4yaz.R.48,test,True
2689,4yaz.R.49,test,True
2690,4yaz.R.50,test,True
2691,4yaz.R.51,test,True
2692,4yaz.R.52,test,True
2693,4yaz.R.53,test,False
2694,4yaz.R.54,test,False
2695,4yaz.R.55,test,False
2696,4yaz.R.56,test,True
2697,4yaz.R.57,test,False
2698,4yaz.R.58,test,True
2699,4yaz.R.59,test,False
2700,4yaz.R.60,test,False
2701,4yaz.R.61,test,False
2702,4yaz.R.62,test,False
2703,4yaz.R.63,test,False
2704,4yaz.R.64,test,True
2705,4yaz.R.65,test,True
2706,4yaz.R.66,test,True
2707,4yaz.R.67,test,True
2708,4yaz.R.68,test,True
2709,4yaz.R.69,test,False
2710,4yaz.R.70,test,False
2711,4yaz.R.71,test,False
2712,4yaz.R.72,test,False
2713,4yaz.R.73,test,False
2714,4yaz.R.74,test,True
2715,4yaz.R.75,test,True
2716,4yaz.R.76,test,True
2717,4yaz.R.77,test,False
2718,4yaz.R.78,test,True
2719,4yaz.R.79,test,True
2720,4yaz.R.80,test,True
2721,4yaz.R.81,test,True
2722,4yaz.R.82,test,True
2723,4yaz.R.83,test,True
2724,4yaz.R.84,test,True
2725,6hag.A.2,train,False
2726,6hag.A.1,train,False
2727,6hag.A.3,train,False
2728,6hag.A.4,train,False
2729,6hag.A.5,train,False
2730,6hag.A.6,train,True
2731,6hag.A.7,train,True
2732,6hag.A.8,train,True
2733,6hag.A.9,train,True
2734,6hag.A.10,train,False
2735,6hag.A.11,train,True
2736,6hag.A.12,train,True
2737,6hag.A.13,train,True
2738,6hag.A.14,train,True
2739,6hag.A.15,train,True
2740,6hag.A.16,train,True
2741,6hag.A.17,train,True
2742,6hag.A.18,train,True
2743,6hag.A.19,train,False
2744,6hag.A.20,train,False
2745,6hag.A.21,train,False
2746,6hag.A.22,train,False
2747,6hag.A.23,train,False
2748,6hag.A.24,train,False
2749,6hag.A.25,train,False
2750,6hag.A.26,train,False
2751,6hag.A.27,train,False
2752,6hag.A.28,train,False
2753,6hag.A.29,train,False
2754,6hag.A.30,train,False
2755,6hag.A.31,train,False
2756,6hag.A.32,train,False
2757,6hag.A.33,train,False
2758,6hag.A.34,train,False
2759,6hag.A.35,train,True
2760,6hag.A.36,train,True
2761,6hag.A.37,train,True
2762,6hag.A.38,train,True
2763,6hag.A.39,train,True
2764,6hag.A.40,train,False
2765,6hag.A.41,train,False
2766,6hag.A.42,train,False
2767,6hag.A.43,train,False
2768,4k31.C.3,train,True
2769,4k31.C.2,train,True
2770,4k31.C.4,train,True
2771,4k31.C.5,train,True
2772,4k31.C.6,train,True
2773,4k31.C.7,train,True
2774,4k31.C.8,train,True
2775,4k31.C.9,train,True
2776,4k31.C.10,train,True
2777,4k31.C.11,train,True
2778,4k31.C.12,train,True
2779,4k31.C.13,train,True
2780,4k31.C.14,train,True
2781,4k31.C.15,train,True
2782,4k31.C.16,train,True
2783,4k31.C.17,train,True
2784,4k31.C.18,train,True
2785,4k31.C.19,train,True
2786,4k31.C.20,train,True
2787,4k31.C.21,train,True
2788,4k31.C.22,train,True
2789,4k31.C.23,train,False
2790,3skt.A.25,train,False
2791,3skt.A.24,train,True
2792,3skt.A.26,train,False
2793,3skt.A.27,train,False
2794,3skt.A.28,train,False
2795,3skt.A.29,train,True
2796,3skt.A.30,train,True
2797,3skt.A.31,train,True
2798,3skt.A.32,train,True
2799,3skt.A.33,train,True
2800,3skt.A.34,train,True
2801,3skt.A.35,train,True
2802,3skt.A.36,train,False
2803,3skt.A.37,train,False
2804,3skt.A.38,train,False
2805,3skt.A.39,train,False
2806,3skt.A.40,train,True
2807,3skt.A.41,train,True
2808,3skt.A.42,train,True
2809,3skt.A.43,train,True
2810,3skt.A.44,train,True
2811,3skt.A.45,train,True
2812,3skt.A.46,train,True
2813,3skt.A.47,train,True
2814,3skt.A.48,train,True
2815,3skt.A.49,train,True
2816,3skt.A.50,train,False
2817,3skt.A.51,train,False
2818,3skt.A.52,train,False
2819,3skt.A.53,train,False
2820,3skt.A.54,train,True
2821,3skt.A.55,train,True
2822,3skt.A.56,train,True
2823,3skt.A.57,train,True
2824,3skt.A.58,train,True
2825,3skt.A.59,train,True
2826,3skt.A.60,train,True
2827,3skt.A.61,train,True
2828,3skt.A.62,train,True
2829,3skt.A.63,train,True
2830,3skt.A.64,train,True
2831,3skt.A.65,train,True
2832,3skt.A.66,train,False
2833,3skt.A.67,train,False
2834,3skt.A.68,train,False
2835,3skt.A.69,train,True
2836,3skt.A.70,train,True
2837,3skt.A.71,train,True
2838,3skt.A.72,train,True
2839,3skt.A.73,train,True
2840,3skt.A.74,train,True
2841,3skt.A.75,train,True
2842,3skt.A.76,train,True
2843,3skt.A.77,train,True
2844,3skt.A.78,train,False
2845,3skt.A.79,train,True
2846,3skt.A.80,train,True
2847,3skt.A.81,train,True
2848,3skt.A.82,train,True
2849,3skt.A.83,train,True
2850,3skt.A.84,train,True
2851,3skt.A.85,train,False
2852,3skt.A.86,train,True
2853,3skt.A.87,train,True
2854,3skt.A.88,train,False
2855,4pcj.A.2,train,True
2856,4pcj.A.1,train,True
2857,4pcj.A.3,train,True
2858,4pcj.A.4,train,True
2859,4pcj.A.5,train,False
2860,4pcj.A.6,train,False
2861,4pcj.A.7,train,True
2862,4pcj.A.8,train,True
2863,4pcj.A.9,train,True
2864,4pcj.A.10,train,True
2865,4pcj.A.11,train,True
2866,4pcj.A.12,train,True
2867,4pcj.A.13,train,True
2868,4pcj.A.14,train,False
2869,4pcj.A.15,train,True
2870,4pcj.A.16,train,True
2871,4pcj.A.17,train,True
2872,4pcj.A.18,train,False
2873,4pcj.A.19,train,False
2874,4pcj.A.20,train,True
2875,4pcj.A.21,train,True
2876,4pcj.A.22,train,True
2877,4pcj.A.23,train,False
2878,4pcj.A.24,train,True
2879,4pcj.A.25,train,True
2880,4pcj.A.26,train,False
2881,4pcj.A.27,train,False
2882,4pcj.A.28,train,True
2883,4pcj.A.29,train,True
2884,4pcj.A.30,train,True
2885,4pcj.A.31,train,True
2886,4pcj.A.32,train,True
2887,4pcj.A.33,train,True
2888,4pcj.A.34,train,False
2889,4pcj.A.35,train,False
2890,2quw.B.14,train,True
2891,2quw.B.13,train,True
2892,2quw.B.15,train,True
2893,2quw.B.16,train,True
2894,2quw.B.17,train,True
2895,2quw.B.18,train,True
2896,2quw.B.19,train,False
2897,2quw.B.20,train,False
2898,2quw.B.21,train,True
2899,2quw.B.22,train,True
2900,2quw.B.23,train,True
2901,2quw.B.24,train,True
2902,2quw.B.25,train,False
2903,2quw.B.26,train,True
2904,2quw.B.27,train,True
2905,2quw.B.28,train,True
2906,2quw.B.29,train,True
2907,2quw.B.30,train,True
2908,2quw.B.31,train,False
2909,2quw.B.32,train,False
2910,2quw.B.33,train,False
2911,2quw.B.34,train,True
2912,2quw.B.35,train,False
2913,2quw.B.36,train,False
2914,2quw.B.37,train,True
2915,2quw.B.38,train,True
2916,2quw.B.39,train,True
2917,2quw.B.40,train,False
2918,2quw.B.41,train,False
2919,2quw.B.42,train,False
2920,2quw.B.43,train,False
2921,2quw.B.44,train,True
2922,2quw.B.45,train,True
2923,2quw.B.46,train,True
2924,2quw.B.47,train,True
2925,2quw.B.48,train,True
2926,2quw.B.49,train,False
2927,2quw.B.50,train,True
2928,2quw.B.51,train,True
2929,2quw.B.52,train,True
2930,2quw.B.53,train,False
2931,2quw.B.54,train,True
2932,2quw.B.55,train,True
2933,2quw.B.56,train,True
2934,2quw.B.57,train,True
2935,2quw.B.58,train,True
2936,2quw.B.59,train,False
2937,2quw.B.60,train,False
2938,2quw.B.61,train,False
2939,2quw.B.62,train,False
2940,2quw.B.63,train,True
2941,2quw.B.64,train,True
2942,2quw.B.65,train,True
2943,2quw.B.66,train,True
2944,2quw.B.67,train,True
2945,2quw.B.68,train,False
2946,2quw.B.69,train,False
2947,4frg.X.2,train,False
2948,4frg.X.1,train,False
2949,4frg.X.3,train,True
2950,4frg.X.4,train,True
2951,4frg.X.5,train,True
2952,4frg.X.6,train,True
2953,4frg.X.7,train,True
2954,4frg.X.8,train,True
2955,4frg.X.9,train,True
2956,4frg.X.10,train,True
2957,4frg.X.11,train,True
2958,4frg.X.12,train,True
2959,4frg.X.13,train,True
2960,4frg.X.14,train,True
2961,4frg.X.15,train,True
2962,4frg.X.16,train,True
2963,4frg.X.17,train,True
2964,4frg.X.18,train,True
2965,4frg.X.19,train,True
2966,4frg.X.20,train,True
2967,4frg.X.21,train,True
2968,4frg.X.22,train,False
2969,4frg.X.23,train,False
2970,4frg.X.24,train,False
2971,4frg.X.25,train,True
2972,4frg.X.26,train,True
2973,4frg.X.27,train,True
2974,4frg.X.28,train,False
2975,4frg.X.29,train,True
2976,4frg.X.30,train,True
2977,4frg.X.31,train,True
2978,4frg.X.32,train,True
2979,4frg.X.33,train,True
2980,4frg.X.34,train,True
2981,4frg.X.35,train,True
2982,4frg.X.36,train,True
2983,4frg.X.37,train,True
2984,4frg.X.38,train,True
2985,4frg.X.39,train,True
2986,4frg.X.40,train,True
2987,4frg.X.41,train,True
2988,4frg.X.42,train,True
2989,4frg.X.43,train,True
2990,4frg.X.44,train,True
2991,4frg.X.45,train,True
2992,4frg.X.46,train,True
2993,4frg.X.47,train,True
2994,4frg.X.48,train,True
2995,4frg.X.49,train,True
2996,4frg.X.50,train,False
2997,4frg.X.51,train,True
2998,4frg.X.52,train,True
2999,4frg.X.53,train,True
3000,4frg.X.54,train,True
3001,4frg.X.55,train,True
3002,4frg.X.56,train,True
3003,4frg.X.57,train,True
3004,4frg.X.58,train,True
3005,4frg.X.59,train,True
3006,4frg.X.60,train,True
3007,4frg.X.61,train,False
3008,4frg.X.62,train,False
3009,4frg.X.63,train,True
3010,4frg.X.64,train,True
3011,4frg.X.65,train,False
3012,4frg.X.66,train,True
3013,4frg.X.67,train,False
3014,4frg.X.68,train,False
3015,4frg.X.69,train,False
3016,4frg.X.70,train,True
3017,4frg.X.71,train,True
3018,4frg.X.72,train,True
3019,4frg.X.73,train,True
3020,4frg.X.74,train,True
3021,4frg.X.75,train,True
3022,4frg.X.76,train,False
3023,4frg.X.77,train,False
3024,4frg.X.78,train,False
3025,4frg.X.79,train,True
3026,4frg.X.80,train,True
3027,4frg.X.81,train,True
3028,4frg.X.82,train,False
3029,4frg.X.83,train,False
3030,4frg.X.84,train,False
3031,3tzr.A.49,train,True
3032,3tzr.A.48,train,False
3033,3tzr.A.50,train,True
3034,3tzr.A.51,train,True
3035,3tzr.A.52,train,True
3036,3tzr.A.53,train,True
3037,3tzr.A.54,train,True
3038,3tzr.A.55,train,True
3039,3tzr.A.56,train,True
3040,3tzr.A.57,train,True
3041,3tzr.A.58,train,True
3042,3tzr.A.59,train,True
3043,3tzr.A.60,train,True
3044,3tzr.A.61,train,False
3045,3tzr.A.62,train,False
3046,3tzr.A.63,train,False
3047,3tzr.A.64,train,False
3048,3tzr.A.65,train,True
3049,3tzr.A.66,train,True
3050,3tzr.A.67,train,True
3051,1fyp.A.2,train,True
3052,1fyp.A.1,train,True
3053,1fyp.A.3,train,True
3054,1fyp.A.4,train,True
3055,1fyp.A.5,train,True
3056,1fyp.A.6,train,True
3057,1fyp.A.7,train,True
3058,1fyp.A.8,train,True
3059,1fyp.A.9,train,True
3060,1fyp.A.10,train,True
3061,1fyp.A.11,train,False
3062,1fyp.A.12,train,False
3063,1fyp.A.13,train,False
3064,1fyp.A.14,train,False
3065,1fyp.A.15,train,False
3066,1fyp.A.16,train,True
3067,1fyp.A.17,train,True
3068,1fyp.A.18,train,True
3069,1fyp.A.19,train,True
3070,1fyp.A.20,train,True
3071,1fyp.A.21,train,True
3072,1fyp.A.22,train,True
3073,1fyp.A.23,train,True
3074,1fyp.A.24,train,True
3075,1fyp.A.25,train,True
3076,1fyp.A.26,train,False
3077,1fyp.A.27,train,False
3078,1hr2.A.104,train,False
3079,1hr2.A.103,train,False
3080,1hr2.A.105,train,False
3081,1hr2.A.106,train,False
3082,1hr2.A.107,train,False
3083,1hr2.A.108,train,False
3084,1hr2.A.109,train,False
3085,1hr2.A.110,train,True
3086,1hr2.A.111,train,True
3087,1hr2.A.112,train,True
3088,1hr2.A.113,train,True
3089,1hr2.A.114,train,True
3090,1hr2.A.115,train,True
3091,1hr2.A.116,train,True
3092,1hr2.A.117,train,True
3093,1hr2.A.118,train,True
3094,1hr2.A.119,train,True
3095,1hr2.A.120,train,True
3096,1hr2.A.121,train,True
3097,1hr2.A.122,train,False
3098,1hr2.A.123,train,False
3099,1hr2.A.124,train,True
3100,1hr2.A.125,train,True
3101,1hr2.A.126,train,False
3102,1hr2.A.127,train,True
3103,1hr2.A.128,train,True
3104,1hr2.A.129,train,True
3105,1hr2.A.130,train,False
3106,1hr2.A.131,train,False
3107,1hr2.A.132,train,False
3108,1hr2.A.133,train,False
3109,1hr2.A.134,train,True
3110,1hr2.A.135,train,True
3111,1hr2.A.136,train,True
3112,1hr2.A.137,train,False
3113,1hr2.A.138,train,False
3114,1hr2.A.139,train,True
3115,1hr2.A.140,train,False
3116,1hr2.A.141,train,False
3117,1hr2.A.142,train,True
3118,1hr2.A.143,train,True
3119,1hr2.A.144,train,True
3120,1hr2.A.145,train,True
3121,1hr2.A.146,train,False
3122,1hr2.A.147,train,True
3123,1hr2.A.148,train,True
3124,1hr2.A.149,train,True
3125,1hr2.A.150,train,True
3126,1hr2.A.151,train,False
3127,1hr2.A.152,train,False
3128,1hr2.A.153,train,False
3129,1hr2.A.154,train,True
3130,1hr2.A.155,train,True
3131,1hr2.A.156,train,True
3132,1hr2.A.157,train,True
3133,1hr2.A.158,train,True
3134,1hr2.A.159,train,True
3135,1hr2.A.160,train,True
3136,1hr2.A.161,train,True
3137,1hr2.A.162,train,True
3138,1hr2.A.163,train,True
3139,1hr2.A.164,train,True
3140,1hr2.A.165,train,True
3141,1hr2.A.166,train,True
3142,1hr2.A.167,train,True
3143,1hr2.A.168,train,True
3144,1hr2.A.169,train,False
3145,1hr2.A.170,train,True
3146,1hr2.A.171,train,True
3147,1hr2.A.172,train,True
3148,1hr2.A.173,train,True
3149,1hr2.A.174,train,True
3150,1hr2.A.175,train,True
3151,1hr2.A.176,train,True
3152,1hr2.A.177,train,True
3153,1hr2.A.178,train,True
3154,1hr2.A.179,train,False
3155,1hr2.A.180,train,True
3156,1hr2.A.181,train,True
3157,1hr2.A.182,train,True
3158,1hr2.A.183,train,True
3159,1hr2.A.184,train,True
3160,1hr2.A.185,train,True
3161,1hr2.A.186,train,True
3162,1hr2.A.187,train,True
3163,1hr2.A.188,train,True
3164,1hr2.A.189,train,False
3165,1hr2.A.190,train,True
3166,1hr2.A.191,train,True
3167,1hr2.A.192,train,True
3168,1hr2.A.193,train,True
3169,1hr2.A.194,train,True
3170,1hr2.A.195,train,True
3171,1hr2.A.196,train,False
3172,1hr2.A.197,train,False
3173,1hr2.A.198,train,False
3174,1hr2.A.199,train,False
3175,1hr2.A.200,train,True
3176,1hr2.A.201,train,True
3177,1hr2.A.202,train,True
3178,1hr2.A.203,train,True
3179,1hr2.A.204,train,True
3180,1hr2.A.205,train,True
3181,1hr2.A.206,train,True
3182,1hr2.A.207,train,False
3183,1hr2.A.208,train,True
3184,1hr2.A.211,train,False
3185,1hr2.A.210,train,False
3186,1hr2.A.212,train,True
3187,1hr2.A.213,train,True
3188,1hr2.A.214,train,False
3189,1hr2.A.215,train,False
3190,1hr2.A.216,train,False
3191,1hr2.A.217,train,False
3192,1hr2.A.218,train,False
3193,1hr2.A.219,train,False
3194,1hr2.A.220,train,False
3195,1hr2.A.221,train,False
3196,1hr2.A.222,train,False
3197,1hr2.A.223,train,False
3198,1hr2.A.224,train,False
3199,1hr2.A.225,train,True
3200,1hr2.A.226,train,False
3201,1hr2.A.227,train,False
3202,1hr2.A.228,train,False
3203,1hr2.A.229,train,True
3204,1hr2.A.230,train,True
3205,1hr2.A.231,train,True
3206,1hr2.A.232,train,False
3207,1hr2.A.233,train,False
3208,1hr2.A.234,train,False
3209,1hr2.A.235,train,False
3210,1hr2.A.236,train,False
3211,1hr2.A.237,train,False
3212,1hr2.A.238,train,False
3213,1hr2.A.239,train,False
3214,1hr2.A.240,train,False
3215,1hr2.A.241,train,True
3216,1hr2.A.242,train,True
3217,1hr2.A.243,train,True
3218,1hr2.A.244,train,True
3219,1hr2.A.245,train,True
3220,1hr2.A.246,train,True
3221,1hr2.A.247,train,True
3222,1hr2.A.248,train,True
3223,1hr2.A.249,train,True
3224,1hr2.A.250,train,True
3225,1hr2.A.251,train,True
3226,1hr2.A.252,train,True
3227,1hr2.A.253,train,True
3228,1hr2.A.254,train,True
3229,1hr2.A.255,train,True
3230,1hr2.A.256,train,True
3231,1hr2.A.257,train,True
3232,1hr2.A.258,train,False
3233,1hr2.A.259,train,False
3234,1hr2.A.260,train,False
3235,4xw7.A.2,train,True
3236,4xw7.A.1,train,True
3237,4xw7.A.3,train,False
3238,4xw7.A.4,train,False
3239,4xw7.A.5,train,False
3240,4xw7.A.6,train,True
3241,4xw7.A.7,train,True
3242,4xw7.A.8,train,True
3243,4xw7.A.9,train,True
3244,4xw7.A.10,train,True
3245,4xw7.A.11,train,True
3246,4xw7.A.12,train,True
3247,4xw7.A.13,train,True
3248,4xw7.A.14,train,True
3249,4xw7.A.15,train,False
3250,4xw7.A.16,train,False
3251,4xw7.A.17,train,True
3252,4xw7.A.18,train,True
3253,4xw7.A.19,train,True
3254,4xw7.A.20,train,True
3255,4xw7.A.21,train,True
3256,4xw7.A.22,train,True
3257,4xw7.A.23,train,True
3258,4xw7.A.24,train,True
3259,4xw7.A.25,train,True
3260,4xw7.A.26,train,True
3261,4xw7.A.27,train,False
3262,4xw7.A.28,train,True
3263,4xw7.A.29,train,True
3264,4xw7.A.30,train,True
3265,4xw7.A.31,train,True
3266,4xw7.A.32,train,True
3267,4xw7.A.33,train,True
3268,4xw7.A.34,train,False
3269,4xw7.A.35,train,False
3270,4xw7.A.36,train,True
3271,4xw7.A.37,train,True
3272,4xw7.A.38,train,True
3273,4xw7.A.39,train,True
3274,4xw7.A.40,train,True
3275,4xw7.A.41,train,True
3276,4xw7.A.42,train,False
3277,4xw7.A.43,train,False
3278,4xw7.A.44,train,False
3279,4xw7.A.45,train,True
3280,4xw7.A.46,train,True
3281,4xw7.A.47,train,True
3282,4xw7.A.48,train,True
3283,4xw7.A.49,train,True
3284,4xw7.A.50,train,True
3285,4xw7.A.51,train,False
3286,4xw7.A.52,train,True
3287,4xw7.A.53,train,False
3288,4xw7.A.54,train,True
3289,4xw7.A.55,train,True
3290,4xw7.A.56,train,True
3291,4xw7.A.57,train,True
3292,4xw7.A.58,train,True
3293,4xw7.A.59,train,True
3294,4xw7.A.60,train,True
3295,4xw7.A.61,train,True
3296,4xw7.A.62,train,True
3297,4xw7.A.63,train,True
3298,4xw7.A.64,train,True
3299,5bjo.E.2,test,False
3300,5bjo.E.1,test,False
3301,5bjo.E.3,test,False
3302,5bjo.E.4,test,False
3303,5bjo.E.5,test,False
3304,5bjo.E.6,test,True
3305,5bjo.E.7,test,True
3306,5bjo.E.8,test,True
3307,5bjo.E.9,test,True
3308,5bjo.E.10,test,True
3309,5bjo.E.11,test,True
3310,5bjo.E.12,test,True
3311,5bjo.E.13,test,True
3312,5bjo.E.14,test,True
3313,5bjo.E.15,test,True
3314,5bjo.E.16,test,True
3315,5bjo.E.17,test,False
3316,5bjo.E.18,test,True
3317,5bjo.E.19,test,False
3318,5bjo.E.20,test,True
3319,5bjo.E.21,test,True
3320,5bjo.E.22,test,True
3321,5bjo.E.23,test,True
3322,5bjo.E.24,test,False
3323,5bjo.E.25,test,True
3324,5bjo.E.26,test,True
3325,5bjo.E.27,test,True
3326,5bjo.E.28,test,False
3327,5bjo.E.29,test,False
3328,5bjo.E.30,test,False
3329,5bjo.E.31,test,False
3330,5bjo.E.32,test,False
3331,5bjo.E.33,test,False
3332,5bjo.E.34,test,False
3333,5bjo.E.35,test,True
3334,5bjo.E.36,test,True
3335,5d5l.D.3,train,True
3336,5d5l.D.2,train,True
3337,5d5l.D.4,train,True
3338,5d5l.D.5,train,True
3339,5d5l.D.6,train,True
3340,5d5l.D.7,train,True
3341,5d5l.D.8,train,True
3342,5d5l.D.9,train,True
3343,5d5l.D.10,train,True
3344,5d5l.D.11,train,True
3345,5d5l.D.12,train,False
3346,5d5l.D.13,train,False
3347,5d5l.D.14,train,True
3348,5d5l.D.15,train,True
3349,5d5l.D.16,train,True
3350,5d5l.D.17,train,True
3351,5d5l.D.18,train,False
3352,5d5l.D.19,train,True
3353,5d5l.D.20,train,True
3354,5d5l.D.21,train,True
3355,5d5l.D.22,train,False
3356,5d5l.D.23,train,False
3357,5d5l.D.24,train,False
3358,5d5l.D.25,train,False
3359,5d5l.D.26,train,False
3360,5d5l.D.27,train,False
3361,5d5l.D.28,train,False
3362,5d5l.D.29,train,True
3363,5d5l.D.30,train,True
3364,5d5l.D.31,train,True
3365,5d5l.D.32,train,True
3366,5d5l.D.33,train,False
3367,5d5l.D.34,train,False
3368,5d5l.D.35,train,False
3369,5d5l.D.36,train,False
3370,5d5l.D.37,train,False
3371,5d5l.D.38,train,False
3372,5d5l.D.39,train,False
3373,5d5l.D.40,train,True
3374,5d5l.D.41,train,True
3375,5d5l.D.42,train,True
3376,5d5l.D.43,train,False
3377,5d5l.D.44,train,False
3378,5d5l.D.45,train,False
3379,5d5l.D.46,train,False
3380,5d5l.D.47,train,False
3381,5d5l.D.48,train,False
3382,5d5l.D.49,train,True
3383,5d5l.D.50,train,True
3384,5d5l.D.51,train,True
3385,5d5l.D.52,train,True
3386,5d5l.D.53,train,True
3387,5d5l.D.54,train,False
3388,5d5l.D.55,train,True
3389,5d5l.D.56,train,True
3390,5d5l.D.57,train,True
3391,5d5l.D.58,train,True
3392,5d5l.D.59,train,True
3393,5d5l.D.60,train,False
3394,5d5l.D.61,train,False
3395,5d5l.D.62,train,False
3396,5d5l.D.63,train,False
3397,5d5l.D.64,train,True
3398,5d5l.D.65,train,True
3399,5d5l.D.66,train,True
3400,5d5l.D.67,train,True
3401,5d5l.D.68,train,True
3402,5d5l.D.69,train,False
3403,5d5l.D.70,train,True
3404,5d5l.D.71,train,True
3405,5d5l.D.72,train,False
3406,5d5l.D.73,train,False
3407,5d5l.D.74,train,False
3408,5d5l.D.75,train,False
3409,5d5l.D.76,train,False
3410,5d5l.D.77,train,False
3411,1tob.A.2,train,False
3412,1tob.A.1,train,False
3413,1tob.A.3,train,False
3414,1tob.A.4,train,False
3415,1tob.A.5,train,False
3416,1tob.A.6,train,True
3417,1tob.A.7,train,True
3418,1tob.A.8,train,True
3419,1tob.A.9,train,True
3420,1tob.A.10,train,True
3421,1tob.A.11,train,True
3422,1tob.A.12,train,True
3423,1tob.A.13,train,True
3424,1tob.A.14,train,True
3425,1tob.A.15,train,True
3426,1tob.A.16,train,True
3427,1tob.A.17,train,True
3428,1tob.A.18,train,True
3429,1tob.A.19,train,True
3430,1tob.A.20,train,True
3431,1tob.A.21,train,True
3432,1tob.A.22,train,True
3433,1tob.A.23,train,False
3434,1tob.A.24,train,False
3435,1tob.A.25,train,False
3436,1tob.A.26,train,False
3437,1tob.A.27,train,False
3438,1qd3.A.18,train,False
3439,1qd3.A.17,train,False
3440,1qd3.A.19,train,True
3441,1qd3.A.20,train,True
3442,1qd3.A.21,train,True
3443,1qd3.A.22,train,True
3444,1qd3.A.23,train,True
3445,1qd3.A.24,train,True
3446,1qd3.A.25,train,True
3447,1qd3.A.26,train,True
3448,1qd3.A.27,train,True
3449,1qd3.A.28,train,False
3450,1qd3.A.29,train,False
3451,1qd3.A.30,train,False
3452,1qd3.A.31,train,False
3453,1qd3.A.32,train,False
3454,1qd3.A.33,train,False
3455,1qd3.A.34,train,False
3456,1qd3.A.35,train,False
3457,1qd3.A.36,train,False
3458,1qd3.A.37,train,False
3459,1qd3.A.38,train,False
3460,1qd3.A.39,train,False
3461,1qd3.A.40,train,True
3462,1qd3.A.41,train,True
3463,1qd3.A.42,train,True
3464,1qd3.A.43,train,True
3465,1qd3.A.44,train,True
3466,1qd3.A.45,train,False
3467,1f1t.A.2,train,False
3468,1f1t.A.1,train,False
3469,1f1t.A.3,train,False
3470,1f1t.A.4,train,False
3471,1f1t.A.5,train,False
3472,1f1t.A.6,train,False
3473,1f1t.A.7,train,True
3474,1f1t.A.8,train,True
3475,1f1t.A.9,train,False
3476,1f1t.A.10,train,True
3477,1f1t.A.11,train,False
3478,1f1t.A.12,train,True
3479,1f1t.A.13,train,True
3480,1f1t.A.14,train,True
3481,1f1t.A.15,train,True
3482,1f1t.A.16,train,True
3483,1f1t.A.17,train,False
3484,1f1t.A.18,train,True
3485,1f1t.A.19,train,True
3486,1f1t.A.20,train,False
3487,1f1t.A.21,train,True
3488,1f1t.A.22,train,True
3489,1f1t.A.23,train,True
3490,1f1t.A.24,train,True
3491,1f1t.A.25,train,False
3492,1f1t.A.26,train,False
3493,1f1t.A.27,train,True
3494,1f1t.A.28,train,True
3495,1f1t.A.29,train,True
3496,1f1t.A.30,train,True
3497,1f1t.A.31,train,True
3498,1f1t.A.32,train,False
3499,1f1t.A.33,train,True
3500,1f1t.A.34,train,True
3501,1f1t.A.35,train,True
3502,1f1t.A.36,train,False
3503,1f1t.A.37,train,False
3504,1f1t.A.38,train,False
3505,1yrj.A.2,train,False
3506,1yrj.A.1,train,False
3507,1yrj.A.3,train,False
3508,1yrj.A.4,train,True
3509,1yrj.A.5,train,True
3510,1yrj.A.6,train,True
3511,1yrj.A.7,train,True
3512,1yrj.A.8,train,True
3513,1yrj.A.9,train,True
3514,1yrj.A.10,train,True
3515,1yrj.A.11,train,False
3516,1yrj.A.12,train,False
3517,1yrj.A.13,train,False
3518,1yrj.A.14,train,True
3519,1yrj.A.15,train,True
3520,1yrj.A.16,train,True
3521,1yrj.A.17,train,True
3522,1yrj.A.18,train,True
3523,1yrj.A.19,train,True
3524,1yrj.A.20,train,True
3525,1yrj.A.21,train,True
3526,1yrj.A.22,train,False
3527,1yrj.A.23,train,False
3528,2lwk.A.2,train,False
3529,2lwk.A.1,train,False
3530,2lwk.A.3,train,False
3531,2lwk.A.4,train,False
3532,2lwk.A.5,train,False
3533,2lwk.A.6,train,False
3534,2lwk.A.7,train,True
3535,2lwk.A.8,train,True
3536,2lwk.A.9,train,True
3537,2lwk.A.10,train,True
3538,2lwk.A.11,train,True
3539,2lwk.A.12,train,True
3540,2lwk.A.13,train,True
3541,2lwk.A.14,train,True
3542,2lwk.A.15,train,True
3543,2lwk.A.16,train,False
3544,2lwk.A.17,train,False
3545,2lwk.A.18,train,False
3546,2lwk.A.19,train,False
3547,2lwk.A.20,train,True
3548,2lwk.A.21,train,True
3549,2lwk.A.22,train,True
3550,2lwk.A.23,train,True
3551,2lwk.A.24,train,True
3552,2lwk.A.25,train,True
3553,2lwk.A.26,train,True
3554,2lwk.A.27,train,True
3555,2lwk.A.28,train,False
3556,2lwk.A.29,train,False
3557,2lwk.A.30,train,False
3558,2lwk.A.31,train,False
3559,2lwk.A.32,train,False
3560,2pwt.A.3,test,True
3561,2pwt.A.2,test,True
3562,2pwt.A.4,test,True
3563,2pwt.A.5,test,True
3564,2pwt.A.6,test,True
3565,2pwt.A.7,test,True
3566,2pwt.A.8,test,True
3567,2pwt.A.9,test,True
3568,2pwt.A.10,test,False
3569,2pwt.A.11,test,True
3570,2pwt.A.12,test,True
3571,2pwt.A.13,test,True
3572,2pwt.A.14,test,True
3573,2pwt.A.15,test,True
3574,2pwt.A.16,test,True
3575,2pwt.A.17,test,True
3576,2pwt.A.18,test,True
3577,2pwt.A.19,test,True
3578,2pwt.A.20,test,True
3579,2pwt.A.21,test,True
3580,2pwt.A.22,test,True
3581,1eht.A.2,val,False
3582,1eht.A.1,val,False
3583,1eht.A.3,val,False
3584,1eht.A.4,val,False
3585,1eht.A.5,val,True
3586,1eht.A.6,val,True
3587,1eht.A.7,val,True
3588,1eht.A.8,val,True
3589,1eht.A.9,val,True
3590,1eht.A.10,val,False
3591,1eht.A.11,val,False
3592,1eht.A.12,val,False
3593,1eht.A.13,val,False
3594,1eht.A.14,val,False
3595,1eht.A.15,val,False
3596,1eht.A.16,val,False
3597,1eht.A.17,val,False
3598,1eht.A.18,val,False
3599,1eht.A.19,val,False
3600,1eht.A.20,val,False
3601,1eht.A.21,val,False
3602,1eht.A.22,val,True
3603,1eht.A.23,val,True
3604,1eht.A.24,val,True
3605,1eht.A.25,val,True
3606,1eht.A.26,val,True
3607,1eht.A.27,val,True
3608,1eht.A.28,val,True
3609,1eht.A.29,val,True
3610,1eht.A.30,val,False
3611,1eht.A.31,val,False
3612,1eht.A.32,val,False
3613,1eht.A.33,val,False
